SET SQL_MODE = "NO_AUTO_VALUE_ON_ZERO";
SET time_zone = "+00:00";

/*!40101 SET @OLD_CHARACTER_SET_CLIENT=@@CHARACTER_SET_CLIENT */;
/*!40101 SET @OLD_CHARACTER_SET_RESULTS=@@CHARACTER_SET_RESULTS */;
/*!40101 SET @OLD_COLLATION_CONNECTION=@@COLLATION_CONNECTION */;
/*!40101 SET NAMES utf8 */;

DROP DATABASE IF EXISTS `csc_webapp`;

CREATE DATABASE IF NOT EXISTS `csc_webapp` DEFAULT CHARACTER SET latin1 COLLATE latin1_swedish_ci;
USE `csc_webapp`;

DROP TABLE IF EXISTS `AdvisingFormCourseSectionStates`;
CREATE TABLE IF NOT EXISTS `AdvisingFormCourseSectionStates` (
  `AdvisingFormCourseSectionStateID` int(11) UNSIGNED NOT NULL,
  `Name` varchar(32) NOT NULL
) ENGINE=InnoDB DEFAULT CHARSET=latin1;

INSERT INTO `AdvisingFormCourseSectionStates` (`AdvisingFormCourseSectionStateID`, `Name`) VALUES
(1, 'Preffered'),
(2, 'Alternate');

DROP TABLE IF EXISTS `AcademicQuarters`;
CREATE TABLE IF NOT EXISTS `AcademicQuarters` (
`AcademicQuarterID` int(11) UNSIGNED NOT NULL,
  `Name` varchar(6) NOT NULL,
  `Year` int(11) UNSIGNED NOT NULL
) ENGINE=InnoDB DEFAULT CHARSET=latin1;

DROP TABLE IF EXISTS `AdvisingAppointments`;
CREATE TABLE IF NOT EXISTS `AdvisingAppointments` (
`AdvisingAppointmentID` int(11) UNSIGNED NOT NULL,
  `AdvisingScheduleID` int(11) UNSIGNED NOT NULL,
  `StartTime` bigint(11) NOT NULL,
  `EndTime` bigint(11) NOT NULL
) ENGINE=InnoDB DEFAULT CHARSET=latin1;

DROP TABLE IF EXISTS `AdvisingAppointmentStates`;
CREATE TABLE IF NOT EXISTS `AdvisingAppointmentStates` (
`AdvisingAppointmentStateID` int(11) UNSIGNED NOT NULL,
  `Name` varchar(32) NOT NULL
) ENGINE=InnoDB AUTO_INCREMENT=5 DEFAULT CHARSET=latin1;

INSERT INTO `AdvisingAppointmentStates` (`AdvisingAppointmentStateID`, `Name`) VALUES
(1, 'Scheduled'),
(2, 'Completed'),
(3, 'Canceled By Student'),
(4, 'Canceled By Advisor');

DROP TABLE IF EXISTS `AdvisingLogEntries`;
CREATE TABLE IF NOT EXISTS `AdvisingLogEntries` (
`AdvisingLogEntryID` INT UNSIGNED NOT NULL,
  `AdvisorUserID` INT UNSIGNED NOT NULL,
  `StudentUserID` INT UNSIGNED NOT NULL,
  `AdvisingLogEntryTypeID` INT UNSIGNED NOT NULL,
  `Timestamp` datetime NOT NULL
) ENGINE=InnoDB AUTO_INCREMENT=5 DEFAULT CHARSET=latin1;

DROP TABLE IF EXISTS `AdvisingLogEntryTypes`;
CREATE TABLE IF NOT EXISTS `AdvisingLogEntryTypes` (
`AdvisingLogEntryTypeID` INT UNSIGNED NOT NULL,
  `Name` VARCHAR(48) NOT NULL
) ENGINE=InnoDB AUTO_INCREMENT=7 DEFAULT CHARSET=latin1;

INSERT INTO `AdvisingLogEntryTypes` (`AdvisingLogEntryTypeID`, `Name`) VALUES
(1, 'Advising Appointment Complete'),
(2, 'Advising Appointment Canceled by Student'),
(3, 'Advising Appointment Canceled by Advisor'),
(4, 'Advising Form Saved by Student'),
(5, 'Advising Form Saved by Advisor'),
(6, 'Advising Appointment signed up by Student');

DROP TABLE IF EXISTS `AdvisingSchedules`;
CREATE TABLE IF NOT EXISTS `AdvisingSchedules` (
`AdvisingScheduleID` int(11) UNSIGNED NOT NULL,
  `AdvisorUserID` int(11) UNSIGNED NOT NULL,
  `AcademicQuarterID` int(11) UNSIGNED NOT NULL
) ENGINE=InnoDB DEFAULT CHARSET=latin1;

DROP TABLE IF EXISTS `AdvisingForms`;
CREATE TABLE IF NOT EXISTS `AdvisingForms` (
  `AdvisingFormID` int(11) UNSIGNED NOT NULL,
  `StudentUserID` int(11) UNSIGNED NOT NULL,
  `AcademicQuarterID` int(11) UNSIGNED NOT NULL
) ENGINE=InnoDB DEFAULT CHARSET=latin1;

DROP TABLE IF EXISTS `AdvisingFormCourseSections`;
CREATE TABLE IF NOT EXISTS `AdvisingFormCourseSections` (
  `AdvisingFormID` int(11) UNSIGNED NOT NULL,
  `CourseSectionID` int(11) UNSIGNED NOT NULL,
  `AdvisingFormCourseSectionStateID` int(11) UNSIGNED NOT NULL
) ENGINE=InnoDB DEFAULT CHARSET=latin1;

DROP TABLE IF EXISTS `CourseRequisites`;
CREATE TABLE IF NOT EXISTS `CourseRequisites` (
  `CourseID` int(11) UNSIGNED NOT NULL,
  `RequisiteCourseID` int(11) UNSIGNED NOT NULL,
  `CourseRequisiteTypeID` int(11) UNSIGNED NOT NULL
) ENGINE=InnoDB DEFAULT CHARSET=latin1;

DROP TABLE IF EXISTS `CourseRequisiteTypes`;
CREATE TABLE IF NOT EXISTS `CourseRequisiteTypes` (
`CourseRequisiteTypeID` int(11) UNSIGNED NOT NULL,
  `Name` varchar(32) NOT NULL
) ENGINE=InnoDB AUTO_INCREMENT=3 DEFAULT CHARSET=latin1;

INSERT INTO `CourseRequisiteTypes` (`CourseRequisiteTypeID`, `Name`) VALUES
(1, 'Prerequisite'),
(2, 'Corequisite'),
(3, 'Junior Standing'),
(4, 'Senior Standing');

DROP TABLE IF EXISTS `Courses`;
CREATE TABLE IF NOT EXISTS `Courses` (
`CourseID` int(11) UNSIGNED NOT NULL,
  `CourseTypeID` int(11) UNSIGNED NOT NULL,
  `CourseName` varchar(6) NOT NULL,
  `CourseNumber` varchar(6) NOT NULL,
  `CourseTitle` varchar(250) DEFAULT NULL,
  `CourseDescription` varchar(250) DEFAULT NULL
) ENGINE=InnoDB DEFAULT CHARSET=latin1;

DROP TABLE IF EXISTS `CourseSections`;
CREATE TABLE IF NOT EXISTS `CourseSections` (
`CourseSectionID` int(11) UNSIGNED NOT NULL,
  `CourseID` int(11) UNSIGNED NOT NULL,
  `SectionName` varchar(5) NOT NULL,
  `Hours` smallint(6) NOT NULL,
  `InstructorName` varchar(64) NOT NULL,
  `CallNumber` int(11) UNSIGNED DEFAULT NULL,
  `AcademicQuarterID` int(11) UNSIGNED NOT NULL
) ENGINE=InnoDB DEFAULT CHARSET=latin1;

DROP TABLE IF EXISTS `CourseSectionTimes`;
CREATE TABLE IF NOT EXISTS `CourseSectionTimes` (
  `CourseSectionID` int(11) UNSIGNED NOT NULL,
  `DayOfWeek` varchar(12) NOT NULL DEFAULT '',
  `StartTime` int(11) UNSIGNED NOT NULL,
  `EndTime` int(11) UNSIGNED NOT NULL
) ENGINE=InnoDB DEFAULT CHARSET=latin1;

DROP TABLE IF EXISTS `CourseTypes`;
CREATE TABLE IF NOT EXISTS `CourseTypes` (
`CourseTypeID` int(11) UNSIGNED NOT NULL,
  `Name` varchar(24) NOT NULL
) ENGINE=InnoDB AUTO_INCREMENT=3 DEFAULT CHARSET=latin1;

INSERT INTO `CourseTypes` (`CourseTypeID`, `Name`) VALUES
(1, 'Undergraduate Course'),
(2, 'Graduate Course');

DROP TABLE IF EXISTS `CourseCategories`;
CREATE TABLE IF NOT EXISTS `CourseCategories` (
	`CourseName` varchar(6) NOT NULL,
	`CategoryName` varchar(64) NOT NULL
) ENGINE=InnoDB DEFAULT CHARSET=latin1;

INSERT INTO `CourseCategories` (`CourseName`, `CategoryName`) VALUES
('AB',   'Administration and Business'),
('ACCT', 'Accounting'),
('AGBU', 'Agricultural Business'),
('AGED', 'Agricultural Education'),
('AGSC', 'Agricultural Science'),
('AFAS', 'Air Force Aerospace Studies'),
('ANS ', 'Applied and Natural Sciences'),
('ANSC', 'Animal Science'),
('ARCE', 'Archaeology'),
('ARCH', 'Architecture'),
('ART' , 'Art'),
('BISC', 'Biological Sciences'),
('BIEN', 'Biomedical Engineering'),
('BUSN', 'Business'),
('BSCM', 'Business Communication'),
('BLAW', 'Business Law'),
('CAM ', 'Computational Analysis and Modeling'),
('CMEN', 'Chemical Engineering'),
('CHEM', 'Chemistry'),
('CVEN', 'Civil Engineering'),
('CVTE', 'Civil Technology'),
('CLAB', 'Clinical Laboratory Science'),
('COMM', 'Communication'),
('CIS' , 'Computer Information Systems'),
('CSC' , 'Computer Science'),
('COUN', 'Counseling'),
('CYEN', 'Cyber Engineering'),
('ECON', 'Economics'),
('EDUC', 'Education'),
('EDCI', 'Education Curriculum Instruction'),
('EDLE', 'Education Leadership'),
('ECT' , 'Educational Computer Technology'),
('EPSY', 'Educational Psychology'),
('ELEN', 'Electrical Engineering'),
('ELET', 'Electrical Engineering Technology'),
('ENGR', 'Engineering'),
('ENGL', 'English'),
('ENTR', 'Entrepreneurship'),
('ENSC', 'Environmental Science'),
('FCS' , 'Family and Child Studies'),
('FINC', 'Finance'),
('FNU' , 'Food and Nutrition'),
('FLNG', 'Foreign Languages'),
('FOR' , 'Forestry'),
('FREN', 'French'),
("FSTU", "Foreign Studies"),
('GISC', 'Geographic Information Science'),
('GEOG', 'Geography'),
('GEOL', 'Geology'),
('HIM' , 'Health Information Management'),
('HIST', 'History'),
('HNRS', 'Honors'),
('HEC' , 'Human Ecology'),
('HES' , 'Health and Exercise Science'),
('ISTY', 'Independent Study'),
('INEN', 'Industrial Engineering'),
('ITEC', 'Information Technology'),
('IDES', 'Interior Design'),
('JOUR', 'Journalism'),
('KINE', 'Kinesiology'),
('LBAR', 'Liberal Arts'),
('LSCI', 'Library Science'),
('LEC' , 'Louisiana Education Consortium'),
('LECC', 'LEC Curriculum and Instruction'),
('LECD', 'LEC Dissertation Experience'),
('LECI', 'LEC Internships'),
('LECL', 'LEC Educational Leadership'),
('LECF', 'LEC Foundations'),
('MGMT', 'Management'),
('MKTG', 'Marketing'),
('MATH', 'Mathematics'),
('MEEN', 'Mechanical Engineering'),
('MEMT', 'Mechanics and Materials'),
('MCS' , 'Merchandising and Consumer Studies'),
('MSE' , 'Micro Systems Engineering'),
('MSNT', 'Molecular Sciences and Nanotechnology'),
('MUAP', 'Music Applied'),
('MUPV', 'Music Applied Private Lessons'),
('MUEN', 'Music Ensembles'),
('MUGN', 'Music General'),
('MUHS', 'Music History and Literature'),
('MUPD', 'Music Pedagogy'),
('MUTC', 'Music Technology'),
('MUTH', 'Music Theory'),
('NSE' , 'Nanosystems Engineering'),
('NURS', 'Nursing'),
('ORGL', 'Organizational Leadership'),
('PHYS', 'Physics'),
('PHIL', 'Philosophy'),
('PLSC', 'Plant Science'),
('POLS', 'Political Science'),
('PRAV', 'Professional Aviation'),
('PSYC', 'Psychology'),
('QA'  , 'Quantitative Analysis'),
('READ', 'Reading'),
('RDEV', 'Rural Development'),
('SOC' , 'Sociology'),
('SOSC', 'Social Science'),
('SPAN', 'Spanish'),
('SPCH', 'Speech'),
('SPTH', 'Speech/Theatre'),
('STAT', 'Statistics'),
('THTR', 'Theatre'),
('UNIV', 'University'),
('WILD', 'Wildlife');

DROP TABLE IF EXISTS `CurriculumCourseSlots`;
CREATE TABLE IF NOT EXISTS `CurriculumCourseSlots` (
`CurriculumCourseSlotID` int(11) UNSIGNED NOT NULL,
  `CurriculumID` int(11) UNSIGNED NOT NULL,
  `CurriculumIndex` int(11) UNSIGNED NOT NULL,
  `Name` varchar(64) NOT NULL,
  `MinimumGrade` varchar(2) NOT NULL,
  `RecommendedQuarter` varchar(6) NOT NULL,
  `RecommendedYear` varchar(10) NOT NULL,
  `Notes` varchar(256) NULL
) ENGINE=InnoDB DEFAULT CHARSET=latin1;

DROP TABLE IF EXISTS `CurriculumCourseSlotRequisites`;
CREATE TABLE IF NOT EXISTS `CurriculumCourseSlotRequisites` (
	`CurriculumCourseSlotID` int(11) UNSIGNED NOT NULL,
	`RequisiteCurriculumCourseSlotID` int(11) UNSIGNED NOT NULL,
	`CourseRequisiteTypeID` int(11) UNSIGNED NOT NULL
) ENGINE=InnoDB DEFAULT CHARSET=latin1;

DROP TABLE IF EXISTS `Curriculums`;
CREATE TABLE IF NOT EXISTS `Curriculums` (
`CurriculumID` int(11) UNSIGNED NOT NULL,
  `Name` varchar(64) NOT NULL,
  `CurriculumTypeID` int(11) UNSIGNED NOT NULL,
  `DateCreated` datetime NOT NULL
) ENGINE=InnoDB DEFAULT CHARSET=latin1;

DROP TABLE IF EXISTS `CurriculumSlotValidCourses`;
CREATE TABLE IF NOT EXISTS `CurriculumSlotValidCourses` (
  `CurriculumCourseSlotID` int(11) UNSIGNED NOT NULL,
  `CourseID` int(11) UNSIGNED NOT NULL
) ENGINE=InnoDB DEFAULT CHARSET=latin1;

DROP TABLE IF EXISTS `CurriculumTypes`;
CREATE TABLE IF NOT EXISTS `CurriculumTypes` (
`CurriculumTypeID` int(11) UNSIGNED NOT NULL,
  `Name` varchar(32) NOT NULL
) ENGINE=InnoDB AUTO_INCREMENT=4 DEFAULT CHARSET=latin1;

INSERT INTO `CurriculumTypes` (`CurriculumTypeID`, `Name`) VALUES
(1, 'Degree Curriculum'),
(2, 'Minor Curriculum'),
(3, 'Concentration Curriculum');

DROP TABLE IF EXISTS `Roles`;
CREATE TABLE IF NOT EXISTS `Roles` (
`RoleID` int(11) UNSIGNED NOT NULL,
  `Name` varchar(32) NOT NULL
) ENGINE=InnoDB AUTO_INCREMENT=6 DEFAULT CHARSET=latin1;

INSERT INTO `Roles` (`RoleID`, `Name`) VALUES
(1, 'Administrator'),
(2, 'Program Chair'),
(3, 'Advisor'),
(4, 'Student'),
(5, 'Guest');

DROP TABLE IF EXISTS `ScheduledAdvisingAppointments`;
CREATE TABLE IF NOT EXISTS `ScheduledAdvisingAppointments` (
  `AdvisingAppointmentID` int(11) UNSIGNED NOT NULL,
  `StudentUserID` int(11) UNSIGNED NOT NULL,
  `AppointmentStateID` int(11) UNSIGNED NOT NULL
) ENGINE=InnoDB DEFAULT CHARSET=latin1;

DROP TABLE IF EXISTS `StudentAdvisors`;
CREATE TABLE IF NOT EXISTS `StudentAdvisors` (
  `StudentUserID` int(11) UNSIGNED NOT NULL,
  `AdvisorUserID` int(11) UNSIGNED NOT NULL
) ENGINE=InnoDB DEFAULT CHARSET=latin1;

DROP TABLE IF EXISTS `StudentCourseSections`;
CREATE TABLE IF NOT EXISTS `StudentCourseSections` (
  `StudentUserID` int(11) UNSIGNED NOT NULL,
  `CourseSectionID` int(11) UNSIGNED NOT NULL,
  `Grade` varchar(2) NOT NULL
) ENGINE=InnoDB DEFAULT CHARSET=latin1;

DROP TABLE IF EXISTS `StudentTransferCourses`;
CREATE TABLE IF NOT EXISTS `StudentTransferCourses` (
`StudentTransferCourseID` int(11) UNSIGNED NOT NULL,
  `StudentUserID` int(11) UNSIGNED NOT NULL,
  `CourseName` varchar(64) NOT NULL,
  `UniversityID` int(11) NOT NULL,
  `Hours` int(11) NOT NULL
) ENGINE=InnoDB DEFAULT CHARSET=latin1;

DROP TABLE IF EXISTS `StudentTransferCourseEquivilentCourses`;
CREATE TABLE IF NOT EXISTS `StudentTransferCourseEquivilentCourses` (
	`StudentTransferCourseID` int(11) UNSIGNED NOT NULL,
	`EquivilentCourseID` int(11) UNSIGNED NOT NULL
) ENGINE=InnoDB DEFAULT CHARSET=latin1;

DROP TABLE IF EXISTS `UserCurriculums`;
CREATE TABLE IF NOT EXISTS `UserCurriculums` (
  `UserID` int(11) UNSIGNED NOT NULL,
  `CurriculumID` int(11) UNSIGNED NOT NULL
) ENGINE=InnoDB DEFAULT CHARSET=latin1;

DROP TABLE IF EXISTS `UserRoles`;
CREATE TABLE IF NOT EXISTS `UserRoles` (
  `UserID` int(11) UNSIGNED NOT NULL,
  `RoleID` int(11) UNSIGNED NOT NULL
) ENGINE=InnoDB DEFAULT CHARSET=latin1;

DROP TABLE IF EXISTS `Users`;
CREATE TABLE IF NOT EXISTS `Users` (
`UserID` int(11) UNSIGNED NOT NULL,
  `EmailAddress` varchar(20) NOT NULL,
  `PasswordHash` varchar(161) NOT NULL,
  `Name` varchar(64) NOT NULL,
  `UserStateID` int(11) UNSIGNED NOT NULL DEFAULT 1,
  `LastLogin` bigint(11) NOT NULL
) ENGINE=InnoDB DEFAULT CHARSET=latin1;

DROP TABLE IF EXISTS `UserStates`;
CREATE TABLE IF NOT EXISTS `UserStates` (
`UserStateID` int(11) UNSIGNED NOT NULL,
  `Name` varchar(24) NOT NULL
) ENGINE=InnoDB AUTO_INCREMENT=4 DEFAULT CHARSET=latin1;

INSERT INTO `UserStates` (`UserStateID`, `Name`) VALUES
(1, 'Not Activated'),
(2, 'Activated'),
(3, 'Blocked');

ALTER TABLE `AdvisingFormCourseSectionStates`
 ADD PRIMARY KEY (`AdvisingFormCourseSectionStateID`);

ALTER TABLE `AcademicQuarters`
 ADD PRIMARY KEY (`AcademicQuarterID`);

ALTER TABLE `AdvisingLogEntryTypes`
 ADD PRIMARY KEY (`AdvisingLogEntryTypeID`);
 
ALTER TABLE `AdvisingLogEntries`
 ADD PRIMARY KEY (`AdvisingLogEntryID`), ADD KEY `AdvisorUserID` (`AdvisorUserID`), ADD KEY `StudentUserID` (`StudentUserID`), ADD KEY `AdvisingLogEntryTypeID` (`AdvisingLogEntryTypeID`);
 
ALTER TABLE `AdvisingAppointments`
 ADD PRIMARY KEY (`AdvisingAppointmentID`), ADD KEY `AdvisingScheduleID` (`AdvisingScheduleID`);

ALTER TABLE `AdvisingAppointmentStates`
 ADD PRIMARY KEY (`AdvisingAppointmentStateID`);

ALTER TABLE `AdvisingSchedules`
 ADD PRIMARY KEY (`AdvisingScheduleID`), ADD KEY `AdvisorUserID` (`AdvisorUserID`);

ALTER TABLE `AdvisingForms`
 ADD PRIMARY KEY (`AdvisingFormID`), ADD KEY `StudentUserID` (`StudentUserID`), ADD KEY `AcademicQuarterID` (`AcademicQuarterID`);
 
ALTER TABLE `AdvisingFormCourseSections`
 ADD PRIMARY KEY (`AdvisingFormID`, `CourseSectionID`), ADD KEY `AdvisingFormCourseSectionStateID` (`AdvisingFormCourseSectionStateID`);
 
ALTER TABLE `CourseRequisites`
 ADD PRIMARY KEY (`CourseID`,`RequisiteCourseID`), ADD KEY `RequisiteCourseID` (`RequisiteCourseID`), ADD KEY `CourseRequisiteTypeID` (`CourseRequisiteTypeID`);

ALTER TABLE `CourseRequisiteTypes`
 ADD PRIMARY KEY (`CourseRequisiteTypeID`);

ALTER TABLE `CourseCategories`
 ADD PRIMARY KEY (`CourseName`);
 
ALTER TABLE `Courses`
 ADD PRIMARY KEY (`CourseID`), ADD KEY `CourseTypeID` (`CourseTypeID`);

ALTER TABLE `CourseSections`
 ADD PRIMARY KEY (`CourseSectionID`), ADD KEY `CourseID` (`CourseID`), ADD KEY `AcademicQuarterID` (`AcademicQuarterID`);

ALTER TABLE `CourseSectionTimes`
 ADD PRIMARY KEY (`CourseSectionID`,`DayOfWeek`);

ALTER TABLE `CourseTypes`
 ADD PRIMARY KEY (`CourseTypeID`);

ALTER TABLE `CurriculumCourseSlots`
 ADD PRIMARY KEY (`CurriculumCourseSlotID`), ADD KEY `CurriculumID` (`CurriculumID`), ADD UNIQUE KEY `CurriculumID_CurriculumIndex` (`CurriculumID`, `CurriculumIndex`);

ALTER TABLE `CurriculumCourseSlotRequisites`
 ADD PRIMARY KEY (`CurriculumCourseSlotID`, `RequisiteCurriculumCourseSlotID`), ADD KEY `RequisiteCurriculumCourseSlotID` (`RequisiteCurriculumCourseSlotID`), ADD KEY `CourseRequisiteTypeID` (`CourseRequisiteTypeID`);
 
ALTER TABLE `Curriculums`
 ADD PRIMARY KEY (`CurriculumID`), ADD KEY `CurriculumTypeID` (`CurriculumTypeID`);

ALTER TABLE `CurriculumSlotValidCourses`
 ADD PRIMARY KEY (`CurriculumCourseSlotID`,`CourseID`), ADD KEY `CourseID` (`CourseID`);

ALTER TABLE `CurriculumTypes`
 ADD PRIMARY KEY (`CurriculumTypeID`);

ALTER TABLE `Roles`
 ADD PRIMARY KEY (`RoleID`);

ALTER TABLE `ScheduledAdvisingAppointments`
 ADD PRIMARY KEY (`AdvisingAppointmentID`), ADD KEY `StudentUserID` (`StudentUserID`), ADD KEY `AppointmentStateID` (`AppointmentStateID`);

ALTER TABLE `StudentAdvisors`
 ADD PRIMARY KEY (`StudentUserID`), ADD KEY `AdvisorUserID` (`AdvisorUserID`);

ALTER TABLE `StudentCourseSections`
 ADD PRIMARY KEY (`StudentUserID`,`CourseSectionID`), ADD KEY `CourseSectionID` (`CourseSectionID`);

ALTER TABLE `StudentTransferCourses`
 ADD PRIMARY KEY (`StudentTransferCourseID`), ADD KEY `StudentUserID` (`StudentUserID`);

ALTER TABLE `StudentTransferCourseEquivilentCourses`
 ADD KEY `StudentTransferCourseID` (`StudentTransferCourseID`), ADD KEY `EquivilentCourseID` (`EquivilentCourseID`);
 
ALTER TABLE `UserCurriculums`
 ADD PRIMARY KEY (`UserID`,`CurriculumID`), ADD KEY `CurriculumID` (`CurriculumID`);

ALTER TABLE `UserRoles`
 ADD PRIMARY KEY (`UserID`,`RoleID`), ADD KEY `RoleID` (`RoleID`);

ALTER TABLE `Users`
 ADD PRIMARY KEY (`UserID`), ADD UNIQUE KEY `EmailAddress` (`EmailAddress`), ADD KEY `UserStateID` (`UserStateID`);

ALTER TABLE `UserStates`
 ADD PRIMARY KEY (`UserStateID`);

ALTER TABLE `AdvisingFormCourseSectionStates`
MODIFY `AdvisingFormCourseSectionStateID` int(11) UNSIGNED NOT NULL AUTO_INCREMENT,AUTO_INCREMENT=3;
ALTER TABLE `AcademicQuarters`
MODIFY `AcademicQuarterID` int(11) UNSIGNED NOT NULL AUTO_INCREMENT;
ALTER TABLE `AdvisingLogEntryTypes`
MODIFY `AdvisingLogEntryTypeID` int(11) UNSIGNED NOT NULL AUTO_INCREMENT,AUTO_INCREMENT=7;
ALTER TABLE `AdvisingLogEntries`
MODIFY `AdvisingLogEntryID` int(11) UNSIGNED NOT NULL AUTO_INCREMENT;
ALTER TABLE `AdvisingAppointments`
MODIFY `AdvisingAppointmentID` int(11) UNSIGNED NOT NULL AUTO_INCREMENT;
ALTER TABLE `AdvisingAppointmentStates`
MODIFY `AdvisingAppointmentStateID` int(11) UNSIGNED NOT NULL AUTO_INCREMENT,AUTO_INCREMENT=5;
ALTER TABLE `AdvisingSchedules`
MODIFY `AdvisingScheduleID` int(11) UNSIGNED NOT NULL AUTO_INCREMENT;
ALTER TABLE `AdvisingForms`
MODIFY `AdvisingFormID` int(11) UNSIGNED NOT NULL AUTO_INCREMENT;
ALTER TABLE `CourseRequisiteTypes`
MODIFY `CourseRequisiteTypeID` int(11) UNSIGNED NOT NULL AUTO_INCREMENT,AUTO_INCREMENT=3;
ALTER TABLE `Courses`
MODIFY `CourseID` int(11) UNSIGNED NOT NULL AUTO_INCREMENT;
ALTER TABLE `CourseSections`
MODIFY `CourseSectionID` int(11) UNSIGNED NOT NULL AUTO_INCREMENT;
ALTER TABLE `CourseTypes`
MODIFY `CourseTypeID` int(11) UNSIGNED NOT NULL AUTO_INCREMENT,AUTO_INCREMENT=3;
ALTER TABLE `CurriculumCourseSlots`
MODIFY `CurriculumCourseSlotID` int(11) UNSIGNED NOT NULL AUTO_INCREMENT;
ALTER TABLE `Curriculums`
MODIFY `CurriculumID` int(11) UNSIGNED NOT NULL AUTO_INCREMENT;
ALTER TABLE `CurriculumTypes`
MODIFY `CurriculumTypeID` int(11) UNSIGNED NOT NULL AUTO_INCREMENT,AUTO_INCREMENT=4;
ALTER TABLE `Roles`
MODIFY `RoleID` int(11) UNSIGNED NOT NULL AUTO_INCREMENT,AUTO_INCREMENT=6;
ALTER TABLE `StudentTransferCourses`
MODIFY `StudentTransferCourseID` int(11) UNSIGNED NOT NULL AUTO_INCREMENT;
ALTER TABLE `Users`
MODIFY `UserID` int(11) UNSIGNED NOT NULL AUTO_INCREMENT;
ALTER TABLE `UserStates`
MODIFY `UserStateID` int(11) UNSIGNED NOT NULL AUTO_INCREMENT,AUTO_INCREMENT=4;

ALTER TABLE `AdvisingAppointments`
ADD CONSTRAINT `advisingappointments_ibfk_1` FOREIGN KEY (`AdvisingScheduleID`) REFERENCES `AdvisingSchedules` (`AdvisingScheduleID`);

ALTER TABLE `AdvisingSchedules`
ADD CONSTRAINT `advisingschedules_ibfk_1` FOREIGN KEY (`AdvisorUserID`) REFERENCES `Users` (`UserID`);

ALTER TABLE `AdvisingLogEntries`
ADD CONSTRAINT `advisinglogentries_ibfk_1` FOREIGN KEY (`AdvisingLogEntryTypeID`) REFERENCES `AdvisingLogEntryTypes` (`AdvisingLogEntryTypeID`),
ADD CONSTRAINT `advisinglogentries_ibfk_2` FOREIGN KEY (`StudentUserID`) REFERENCES `Users` (`UserID`),
ADD CONSTRAINT `advisinglogentries_ibfk_3` FOREIGN KEY (`AdvisorUserID`) REFERENCES `Users` (`UserID`);

ALTER TABLE `AdvisingForms`
ADD CONSTRAINT `advisingforms_ibfk_1` FOREIGN KEY (`StudentUserID`) REFERENCES `Users` (`UserID`),
ADD CONSTRAINT `advisingforms_ibfk_2` FOREIGN KEY (`AcademicQuarterID`) REFERENCES `AcademicQuarters` (`AcademicQuarterID`);

ALTER TABLE `AdvisingFormCourseSections`
ADD CONSTRAINT `advisingformcoursesections_ibfk_1` FOREIGN KEY (`AdvisingFormID`) REFERENCES `AdvisingForms` (`AdvisingFormID`),
ADD CONSTRAINT `advisingformcoursesections_ibfk_2` FOREIGN KEY (`CourseSectionID`) REFERENCES `CourseSections` (`CourseSectionID`),
ADD CONSTRAINT `advisingformcoursesections_ibfk_3` FOREIGN KEY (`AdvisingFormCourseSectionStateID`) REFERENCES `AdvisingFormCourseSectionStates` (`AdvisingFormCourseSectionStateID`);

ALTER TABLE `CourseRequisites`
ADD CONSTRAINT `courserequisites_ibfk_1` FOREIGN KEY (`RequisiteCourseID`) REFERENCES `Courses` (`CourseID`),
ADD CONSTRAINT `courserequisites_ibfk_2` FOREIGN KEY (`CourseRequisiteTypeID`) REFERENCES `CourseRequisiteTypes` (`CourseRequisiteTypeID`),
ADD CONSTRAINT `courserequisites_ibfk_3` FOREIGN KEY (`CourseID`) REFERENCES `Courses` (`CourseID`);

ALTER TABLE `CurriculumCourseSlotRequisites`
ADD CONSTRAINT `curriculumcourseslotrequisites_ibfk_1` FOREIGN KEY (`RequisiteCurriculumCourseSlotID`) REFERENCES `CurriculumCourseSlots` (`CurriculumCourseSlotID`),
ADD CONSTRAINT `curriculumcourseslotrequisites_ibfk_2` FOREIGN KEY (`CourseRequisiteTypeID`) REFERENCES `CourseRequisiteTypes` (`CourseRequisiteTypeID`),
ADD CONSTRAINT `curriculumcourseslotrequisites_ibfk_3` FOREIGN KEY (`CurriculumCourseSlotID`) REFERENCES `CurriculumCourseSlots` (`CurriculumCourseSlotID`);

ALTER TABLE `Courses`
ADD CONSTRAINT `courses_ibfk_1` FOREIGN KEY (`CourseTypeID`) REFERENCES `CourseTypes` (`CourseTypeID`),
ADD CONSTRAINT `courses_ibfk_2` FOREIGN KEY (`CourseName`) REFERENCES `CourseCategories` (`CourseName`);

ALTER TABLE `CourseSections`
ADD CONSTRAINT `coursesections_ibfk_1` FOREIGN KEY (`CourseID`) REFERENCES `Courses` (`CourseID`),
ADD CONSTRAINT `coursesections_ibfk_2` FOREIGN KEY (`AcademicQuarterID`) REFERENCES `AcademicQuarters` (`AcademicQuarterID`);

ALTER TABLE `CourseSectionTimes`
ADD CONSTRAINT `coursesectiontimes_ibfk_1` FOREIGN KEY (`CourseSectionID`) REFERENCES `CourseSections` (`CourseSectionID`);

ALTER TABLE `CurriculumCourseSlots`
ADD CONSTRAINT `curriculumcourseslots_ibfk_1` FOREIGN KEY (`CurriculumID`) REFERENCES `Curriculums` (`CurriculumID`);

ALTER TABLE `Curriculums`
ADD CONSTRAINT `curriculums_ibfk_1` FOREIGN KEY (`CurriculumTypeID`) REFERENCES `CurriculumTypes` (`CurriculumTypeID`);

ALTER TABLE `CurriculumSlotValidCourses`
ADD CONSTRAINT `curriculumslotvalidcourses_ibfk_1` FOREIGN KEY (`CourseID`) REFERENCES `Courses` (`CourseID`),
ADD CONSTRAINT `curriculumslotvalidcourses_ibfk_2` FOREIGN KEY (`CurriculumCourseSlotID`) REFERENCES `CurriculumCourseSlots` (`CurriculumCourseSlotID`);

ALTER TABLE `ScheduledAdvisingAppointments`
ADD CONSTRAINT `scheduledadvisingappointments_ibfk_1` FOREIGN KEY (`StudentUserID`) REFERENCES `Users` (`UserID`),
ADD CONSTRAINT `scheduledadvisingappointments_ibfk_2` FOREIGN KEY (`AdvisingAppointmentID`) REFERENCES `AdvisingAppointments` (`AdvisingAppointmentID`),
ADD CONSTRAINT `scheduledadvisingappointments_ibfk_3` FOREIGN KEY (`AppointmentStateID`) REFERENCES `AdvisingAppointmentStates` (`AdvisingAppointmentStateID`);

ALTER TABLE `StudentAdvisors`
ADD CONSTRAINT `studentadvisors_ibfk_1` FOREIGN KEY (`StudentUserID`) REFERENCES `Users` (`UserID`),
ADD CONSTRAINT `studentadvisors_ibfk_2` FOREIGN KEY (`AdvisorUserID`) REFERENCES `Users` (`UserID`);

ALTER TABLE `StudentCourseSections`
ADD CONSTRAINT `studentcoursesections_ibfk_1` FOREIGN KEY (`CourseSectionID`) REFERENCES `CourseSections` (`CourseSectionID`),
ADD CONSTRAINT `studentcoursesections_ibfk_2` FOREIGN KEY (`StudentUserID`) REFERENCES `Users` (`UserID`);

ALTER TABLE `StudentTransferCourses`
ADD CONSTRAINT `transfercourses_ibfk_1` FOREIGN KEY (`StudentUserID`) REFERENCES `Users` (`UserID`);

ALTER TABLE `StudentTransferCourseEquivilentCourses`
ADD CONSTRAINT `studenttransfercourseequivilentcourses_ibfk_1` FOREIGN KEY (`StudentTransferCourseID`) REFERENCES `StudentTransferCourses` (`StudentTransferCourseID`),
ADD CONSTRAINT `studenttransfercourseequivilentcourses_ibfk_2` FOREIGN KEY (`EquivilentCourseID`) REFERENCES `Courses` (`CourseID`);

ALTER TABLE `UserCurriculums`
ADD CONSTRAINT `usercurriculums_ibfk_1` FOREIGN KEY (`UserID`) REFERENCES `Users` (`UserID`),
ADD CONSTRAINT `usercurriculums_ibfk_2` FOREIGN KEY (`CurriculumID`) REFERENCES `Curriculums` (`CurriculumID`);

ALTER TABLE `UserRoles`
ADD CONSTRAINT `userroles_ibfk_1` FOREIGN KEY (`UserID`) REFERENCES `Users` (`UserID`),
ADD CONSTRAINT `userroles_ibfk_2` FOREIGN KEY (`RoleID`) REFERENCES `Roles` (`RoleID`);

ALTER TABLE `Users`
ADD CONSTRAINT `users_ibfk_1` FOREIGN KEY (`UserStateID`) REFERENCES `UserStates` (`UserStateID`);

USE csc_webapp;
-- SET FOREIGN_KEY_CHECKS=0;
-- TRUNCATE TABLE StudentCourseSections;
-- TRUNCATE TABLE CourseSections;
-- TRUNCATE TABLE Courses;
-- SET FOREIGN_KEY_CHECKS=1;
INSERT INTO Users (Name, UserID, EmailAddress, PasswordHash) VALUES
('Test Admin', 1, 'admin@csapp.latech.edu', 'e2d656be030a7c11f15d0dce6bb98a02$35627fc826b9f8e465ff7b0677582c7e5438011db45c70f1fd6451221fbdf84c0af27b8e27e35f57c30245060625a01233338d1d90117d27c77ca8346bbc4409'),
('Guest User', 123, 'guest@csapp.latech.edu', 'e2d656be030a7c11f15d0dce6bb98a02$35627fc826b9f8e465ff7b0677582c7e5438011db45c70f1fd6451221fbdf84c0af27b8e27e35f57c30245060625a01233338d1d90117d27c77ca8346bbc4409');

INSERT IGNORE INTO UserRoles (UserID, RoleID) VALUES
(1, 1),
(1, 2),
(1, 3);

INSERT INTO `Courses` (`CourseID`, `CourseTypeID`, `CourseName`, `CourseNumber`) VALUES (1, 1, "AB  ", "400 "),
(2, 1, "AB  ", "401 "),
(3, 1, "AB  ", "410 "),
(4, 1, "AB  ", "444 "),
(5, 1, "AB  ", "489 "),
(6, 1, "AB  ", "494 "),
(7, 1, "AB  ", "495 "),
(8, 2, "AB  ", "651 "),
(9, 2, "AB  ", "651C"),
(10, 2, "AB  ", "651F"),
(11, 2, "AB  ", "690 "),
(12, 1, "ACCT", "202 "),
(13, 1, "ACCT", "303 "),
(14, 1, "ACCT", "304 "),
(15, 1, "ACCT", "305 "),
(16, 1, "ACCT", "307 "),
(17, 1, "ACCT", "308 "),
(18, 1, "ACCT", "401 "),
(19, 1, "ACCT", "402 "),
(20, 1, "ACCT", "404 "),
(21, 1, "ACCT", "406 "),
(22, 1, "ACCT", "412 "),
(23, 1, "ACCT", "413 "),
(24, 1, "ACCT", "414 "),
(25, 1, "ACCT", "433 "),
(26, 1, "ACCT", "485 "),
(27, 1, "ACCT", "491 "),
(28, 1, "ACCT", "493 "),
(29, 1, "ACCT", "494 "),
(30, 2, "ACCT", "500 "),
(31, 2, "ACCT", "505 "),
(32, 2, "ACCT", "506 "),
(33, 2, "ACCT", "507 "),
(34, 2, "ACCT", "508 "),
(35, 2, "ACCT", "509 "),
(36, 2, "ACCT", "512 "),
(37, 2, "ACCT", "513 "),
(38, 2, "ACCT", "514 "),
(39, 2, "ACCT", "517 "),
(40, 2, "ACCT", "519 "),
(41, 2, "ACCT", "521 "),
(42, 2, "ACCT", "542 "),
(43, 2, "ACCT", "550 "),
(44, 2, "ACCT", "550A"),
(45, 2, "ACCT", "550B"),
(46, 2, "ACCT", "550C"),
(47, 2, "ACCT", "601 "),
(48, 2, "ACCT", "602 "),
(49, 2, "ACCT", "603 "),
(50, 2, "ACCT", "604A"),
(51, 2, "ACCT", "604B"),
(52, 2, "ACCT", "604C"),
(53, 2, "ACCT", "605 "),
(54, 2, "ACCT", "610 "),
(55, 2, "ACCT", "613 "),
(56, 2, "ACCT", "621 "),
(57, 2, "ACCT", "650 "),
(58, 2, "ACCT", "650A"),
(59, 2, "ACCT", "650B"),
(60, 2, "ACCT", "650C"),
(61, 2, "ACCT", "685 "),
(62, 1, "AFAS", "155 "),
(63, 1, "AFAS", "156 "),
(64, 1, "AFAS", "157 "),
(65, 1, "AFAS", "225 "),
(66, 1, "AFAS", "226 "),
(67, 1, "AFAS", "227 "),
(68, 1, "AFAS", "255 "),
(69, 1, "AFAS", "256 "),
(70, 1, "AFAS", "257 "),
(71, 1, "AFAS", "331 "),
(72, 1, "AFAS", "332 "),
(73, 1, "AFAS", "333 "),
(74, 1, "AFAS", "351 "),
(75, 1, "AFAS", "352 "),
(76, 1, "AFAS", "353 "),
(77, 1, "AFAS", "431 "),
(78, 1, "AFAS", "432 "),
(79, 1, "AFAS", "433 "),
(80, 1, "AFAS", "451 "),
(81, 1, "AFAS", "452 "),
(82, 1, "AFAS", "453 "),
(83, 1, "AGBU", "225A"),
(84, 1, "AGBU", "225B"),
(85, 1, "AGBU", "225C"),
(86, 1, "AGBU", "402 "),
(87, 1, "AGBU", "425A"),
(88, 1, "AGBU", "425B"),
(89, 1, "AGBU", "425C"),
(90, 1, "AGBU", "430 "),
(91, 1, "AGBU", "450 "),
(92, 1, "AGBU", "460 "),
(93, 1, "AGED", "450 "),
(94, 1, "AGED", "460 "),
(95, 1, "AGSC", "301 "),
(96, 1, "AGSC", "411 "),
(97, 1, "AGSC", "477 "),
(98, 1, "AGSC", "478 "),
(99, 1, "AGSC", "479 "),
(100, 2, "AGSC", "516 "),
(101, 2, "AGSC", "516C"),
(102, 1, "ANS ", "489 "),
(103, 1, "ANS ", "489A"),
(104, 1, "ANS ", "489B"),
(105, 1, "ANS ", "489C"),
(106, 1, "ANS ", "494 "),
(107, 1, "ANS ", "494A"),
(108, 1, "ANS ", "494B"),
(109, 1, "ANS ", "494C"),
(110, 1, "ANSC", "202 "),
(111, 1, "ANSC", "204 "),
(112, 1, "ANSC", "221 "),
(113, 1, "ANSC", "223 "),
(114, 1, "ANSC", "225A"),
(115, 1, "ANSC", "225B"),
(116, 1, "ANSC", "225C"),
(117, 1, "ANSC", "302 "),
(118, 1, "ANSC", "312 "),
(119, 1, "ANSC", "340 "),
(120, 1, "ANSC", "401 "),
(121, 1, "ANSC", "405 "),
(122, 1, "ANSC", "407 "),
(123, 1, "ANSC", "408 "),
(124, 1, "ANSC", "409 "),
(125, 1, "ANSC", "410 "),
(126, 1, "ANSC", "411 "),
(127, 1, "ANSC", "418 "),
(128, 1, "ANSC", "425 "),
(129, 1, "ANSC", "430 "),
(130, 1, "ANSC", "440 "),
(131, 1, "ANSC", "442 "),
(132, 1, "ANSC", "450 "),
(133, 1, "ANSC", "470 "),
(134, 1, "ARCE", "401 "),
(135, 1, "ARCE", "410 "),
(136, 1, "ARCE", "420 "),
(137, 1, "ARCE", "462 "),
(138, 1, "ARCE", "463 "),
(139, 1, "ARCE", "464 "),
(140, 1, "ARCE", "466 "),
(141, 1, "ARCH", "110 "),
(142, 1, "ARCH", "112 "),
(143, 1, "ARCH", "115 "),
(144, 1, "ARCH", "120 "),
(145, 1, "ARCH", "122 "),
(146, 1, "ARCH", "125 "),
(147, 1, "ARCH", "130 "),
(148, 1, "ARCH", "131 "),
(149, 1, "ARCH", "134 "),
(150, 1, "ARCH", "135 "),
(151, 1, "ARCH", "210 "),
(152, 1, "ARCH", "215 "),
(153, 1, "ARCH", "220 "),
(154, 1, "ARCH", "222 "),
(155, 1, "ARCH", "225 "),
(156, 1, "ARCH", "230 "),
(157, 1, "ARCH", "231 "),
(158, 1, "ARCH", "233 "),
(159, 1, "ARCH", "235 "),
(160, 1, "ARCH", "301 "),
(161, 1, "ARCH", "310 "),
(162, 1, "ARCH", "315 "),
(163, 1, "ARCH", "320 "),
(164, 1, "ARCH", "321 "),
(165, 1, "ARCH", "325 "),
(166, 1, "ARCH", "331 "),
(167, 1, "ARCH", "334 "),
(168, 1, "ARCH", "335 "),
(169, 1, "ARCH", "341 "),
(170, 1, "ARCH", "343 "),
(171, 1, "ARCH", "350 "),
(172, 1, "ARCH", "351 "),
(173, 1, "ARCH", "352 "),
(174, 1, "ARCH", "353 "),
(175, 1, "ARCH", "361 "),
(176, 1, "ARCH", "380 "),
(177, 1, "ARCH", "391 "),
(178, 1, "ARCH", "400 "),
(179, 1, "ARCH", "402 "),
(180, 1, "ARCH", "403 "),
(181, 1, "ARCH", "410 "),
(182, 1, "ARCH", "411 "),
(183, 1, "ARCH", "414 "),
(184, 1, "ARCH", "415 "),
(185, 1, "ARCH", "417 "),
(186, 1, "ARCH", "420 "),
(187, 1, "ARCH", "421 "),
(188, 1, "ARCH", "425 "),
(189, 1, "ARCH", "431 "),
(190, 1, "ARCH", "434 "),
(191, 1, "ARCH", "435 "),
(192, 1, "ARCH", "441 "),
(193, 1, "ARCH", "445 "),
(194, 1, "ARCH", "445A"),
(195, 1, "ARCH", "445B"),
(196, 1, "ARCH", "445C"),
(197, 1, "ARCH", "450 "),
(198, 1, "ARCH", "453 "),
(199, 1, "ARCH", "461 "),
(200, 1, "ARCH", "471 "),
(201, 1, "ARCH", "472 "),
(202, 1, "ARCH", "473 "),
(203, 1, "ARCH", "474 "),
(204, 1, "ARCH", "480 "),
(205, 1, "ARCH", "481 "),
(206, 1, "ARCH", "490 "),
(207, 1, "ARCH", "491 "),
(208, 2, "ARCH", "501 "),
(209, 2, "ARCH", "502 "),
(210, 2, "ARCH", "504 "),
(211, 2, "ARCH", "510 "),
(212, 2, "ARCH", "511 "),
(213, 2, "ARCH", "514 "),
(214, 2, "ARCH", "520 "),
(215, 2, "ARCH", "521 "),
(216, 2, "ARCH", "530 "),
(217, 2, "ARCH", "531 "),
(218, 2, "ARCH", "534 "),
(219, 2, "ARCH", "545 "),
(220, 2, "ARCH", "545A"),
(221, 2, "ARCH", "545B"),
(222, 2, "ARCH", "545C"),
(223, 2, "ARCH", "548 "),
(224, 2, "ARCH", "550 "),
(225, 2, "ARCH", "550A"),
(226, 2, "ARCH", "550B"),
(227, 2, "ARCH", "550C"),
(228, 1, "ART ", "115 "),
(229, 1, "ART ", "116 "),
(230, 1, "ART ", "117 "),
(231, 1, "ART ", "118 "),
(232, 1, "ART ", "119 "),
(233, 1, "ART ", "126 "),
(234, 1, "ART ", "127 "),
(235, 1, "ART ", "130 "),
(236, 1, "ART ", "160 "),
(237, 1, "ART ", "170 "),
(238, 1, "ART ", "172 "),
(239, 1, "ART ", "173 "),
(240, 1, "ART ", "174 "),
(241, 1, "ART ", "205 "),
(242, 1, "ART ", "210 "),
(243, 1, "ART ", "220 "),
(244, 1, "ART ", "221 "),
(245, 1, "ART ", "225 "),
(246, 1, "ART ", "228 "),
(247, 1, "ART ", "229 "),
(248, 1, "ART ", "241 "),
(249, 1, "ART ", "250 "),
(250, 1, "ART ", "260 "),
(251, 1, "ART ", "261 "),
(252, 1, "ART ", "262 "),
(253, 1, "ART ", "263 "),
(254, 1, "ART ", "264 "),
(255, 1, "ART ", "265 "),
(256, 1, "ART ", "270 "),
(257, 1, "ART ", "271 "),
(258, 1, "ART ", "272 "),
(259, 1, "ART ", "274 "),
(260, 1, "ART ", "318 "),
(261, 1, "ART ", "320 "),
(262, 1, "ART ", "331 "),
(263, 1, "ART ", "332 "),
(264, 1, "ART ", "333 "),
(265, 1, "ART ", "346 "),
(266, 1, "ART ", "347 "),
(267, 1, "ART ", "360 "),
(268, 1, "ART ", "361 "),
(269, 1, "ART ", "362 "),
(270, 1, "ART ", "363 "),
(271, 1, "ART ", "365 "),
(272, 1, "ART ", "371 "),
(273, 1, "ART ", "372 "),
(274, 1, "ART ", "373 "),
(275, 1, "ART ", "374 "),
(276, 1, "ART ", "378 "),
(277, 1, "ART ", "379 "),
(278, 1, "ART ", "390 "),
(279, 1, "ART ", "391 "),
(280, 1, "ART ", "402 "),
(281, 1, "ART ", "403 "),
(282, 1, "ART ", "413 "),
(283, 1, "ART ", "415 "),
(284, 1, "ART ", "420 "),
(285, 1, "ART ", "427 "),
(286, 1, "ART ", "430 "),
(287, 1, "ART ", "440 "),
(288, 1, "ART ", "450 "),
(289, 1, "ART ", "451 "),
(290, 1, "ART ", "452 "),
(291, 1, "ART ", "459 "),
(292, 1, "ART ", "460 "),
(293, 1, "ART ", "461 "),
(294, 1, "ART ", "462 "),
(295, 1, "ART ", "463 "),
(296, 1, "ART ", "464 "),
(297, 1, "ART ", "465 "),
(298, 1, "ART ", "466 "),
(299, 1, "ART ", "468 "),
(300, 1, "ART ", "469 "),
(301, 1, "ART ", "471 "),
(302, 1, "ART ", "473 "),
(303, 1, "ART ", "474 "),
(304, 1, "ART ", "475 "),
(305, 1, "ART ", "490 "),
(306, 1, "ART ", "499 "),
(307, 2, "ART ", "564 "),
(308, 2, "ART ", "566 "),
(309, 2, "ART ", "567 "),
(310, 2, "ART ", "570 "),
(311, 2, "ART ", "573 "),
(312, 2, "ART ", "580 "),
(313, 1, "BIEN", "202 "),
(314, 1, "BIEN", "203 "),
(315, 1, "BIEN", "225 "),
(316, 1, "BIEN", "230 "),
(317, 1, "BIEN", "301 "),
(318, 1, "BIEN", "321 "),
(319, 1, "BIEN", "325 "),
(320, 1, "BIEN", "400 "),
(321, 1, "BIEN", "401 "),
(322, 1, "BIEN", "402 "),
(323, 1, "BIEN", "403 "),
(324, 1, "BIEN", "404 "),
(325, 1, "BIEN", "425 "),
(326, 1, "BIEN", "430 "),
(327, 1, "BIEN", "435 "),
(328, 2, "BIEN", "501 "),
(329, 2, "BIEN", "503 "),
(330, 2, "BIEN", "512 "),
(331, 2, "BIEN", "516 "),
(332, 2, "BIEN", "520 "),
(333, 2, "BIEN", "523 "),
(334, 2, "BIEN", "530 "),
(335, 2, "BIEN", "551 "),
(336, 2, "BIEN", "551C"),
(337, 2, "BIEN", "551F"),
(338, 2, "BIEN", "557 "),
(339, 2, "BIEN", "572 "),
(340, 2, "BIEN", "573 "),
(341, 2, "BIEN", "576 "),
(342, 2, "BIEN", "582 "),
(343, 2, "BIEN", "610 "),
(344, 2, "BIEN", "650A"),
(345, 2, "BIEN", "650B"),
(346, 2, "BIEN", "650C"),
(347, 2, "BIEN", "651 "),
(348, 2, "BIEN", "651C"),
(349, 2, "BIEN", "651F"),
(350, 2, "BIEN", "651I"),
(351, 2, "BIEN", "657 "),
(352, 2, "BIEN", "685 "),
(353, 1, "BISC", "101 "),
(354, 1, "BISC", "102 "),
(355, 1, "BISC", "130 "),
(356, 1, "BISC", "131 "),
(357, 1, "BISC", "132 "),
(358, 1, "BISC", "133 "),
(359, 1, "BISC", "134 "),
(360, 1, "BISC", "199 "),
(361, 1, "BISC", "200 "),
(362, 1, "BISC", "201 "),
(363, 1, "BISC", "214 "),
(364, 1, "BISC", "216 "),
(365, 1, "BISC", "217 "),
(366, 1, "BISC", "221 "),
(367, 1, "BISC", "224 "),
(368, 1, "BISC", "226 "),
(369, 1, "BISC", "227 "),
(370, 1, "BISC", "228 "),
(371, 1, "BISC", "240 "),
(372, 1, "BISC", "260 "),
(373, 1, "BISC", "290 "),
(374, 1, "BISC", "310 "),
(375, 1, "BISC", "313 "),
(376, 1, "BISC", "315 "),
(377, 1, "BISC", "320 "),
(378, 1, "BISC", "343 "),
(379, 1, "BISC", "344 "),
(380, 1, "BISC", "360A"),
(381, 1, "BISC", "360B"),
(382, 1, "BISC", "360C"),
(383, 1, "BISC", "401 "),
(384, 1, "BISC", "402 "),
(385, 1, "BISC", "404 "),
(386, 1, "BISC", "405 "),
(387, 1, "BISC", "407 "),
(388, 1, "BISC", "408 "),
(389, 1, "BISC", "409 "),
(390, 1, "BISC", "410 "),
(391, 1, "BISC", "411 "),
(392, 1, "BISC", "412 "),
(393, 1, "BISC", "413 "),
(394, 1, "BISC", "419 "),
(395, 1, "BISC", "420 "),
(396, 1, "BISC", "421 "),
(397, 1, "BISC", "422 "),
(398, 1, "BISC", "423 "),
(399, 1, "BISC", "426 "),
(400, 1, "BISC", "428 "),
(401, 1, "BISC", "432 "),
(402, 1, "BISC", "433 "),
(403, 1, "BISC", "445 "),
(404, 1, "BISC", "450C"),
(405, 1, "BISC", "461 "),
(406, 1, "BISC", "463 "),
(407, 1, "BISC", "464 "),
(408, 1, "BISC", "478 "),
(409, 1, "BISC", "493 "),
(410, 2, "BISC", "508 "),
(411, 2, "BISC", "510 "),
(412, 2, "BISC", "512 "),
(413, 2, "BISC", "514 "),
(414, 2, "BISC", "516C"),
(415, 2, "BISC", "517 "),
(416, 2, "BISC", "528 "),
(417, 2, "BISC", "530A"),
(418, 2, "BISC", "530B"),
(419, 2, "BISC", "530C"),
(420, 2, "BISC", "551 "),
(421, 2, "BISC", "551C"),
(422, 2, "BISC", "551F"),
(423, 2, "BISC", "561 "),
(424, 2, "BISC", "563 "),
(425, 2, "BISC", "564 "),
(426, 2, "BISC", "566 "),
(427, 2, "BISC", "585 "),
(428, 2, "BISC", "593 "),
(429, 1, "BLAW", "356 "),
(430, 1, "BLAW", "410 "),
(431, 1, "BLAW", "441 "),
(432, 1, "BLAW", "447 "),
(433, 2, "BLAW", "510 "),
(434, 1, "BSCM", "305 "),
(435, 1, "BUSN", "115 "),
(436, 1, "BUSN", "150 "),
(437, 1, "BUSN", "300 "),
(438, 1, "BUSN", "301 "),
(439, 1, "BUSN", "400 "),
(440, 1, "BUSN", "401 "),
(441, 1, "BUSN", "401C"),
(442, 1, "BUSN", "410 "),
(443, 1, "BUSN", "420 "),
(444, 1, "BUSN", "425 "),
(445, 1, "BUSN", "495 "),
(446, 2, "BUSN", "500 "),
(447, 2, "BUSN", "501 "),
(448, 2, "BUSN", "550A"),
(449, 2, "BUSN", "550B"),
(450, 2, "BUSN", "550C"),
(451, 2, "BUSN", "594 "),
(452, 2, "BUSN", "598 "),
(453, 2, "BUSN", "650A"),
(454, 2, "BUSN", "650B"),
(455, 2, "BUSN", "650C"),
(456, 2, "BUSN", "651 "),
(457, 2, "BUSN", "651C"),
(458, 2, "BUSN", "651F"),
(459, 2, "BUSN", "685 "),
(460, 2, "BUSN", "686 "),
(461, 2, "CAM ", "610 "),
(462, 2, "CAM ", "620 "),
(463, 2, "CAM ", "620A"),
(464, 2, "CAM ", "620B"),
(465, 2, "CAM ", "620C"),
(466, 2, "CAM ", "650A"),
(467, 2, "CAM ", "650B"),
(468, 2, "CAM ", "650C"),
(469, 2, "CAM ", "651 "),
(470, 2, "CAM ", "651C"),
(471, 2, "CAM ", "651F"),
(472, 2, "CAM ", "651I"),
(473, 2, "CAM ", "657 "),
(474, 2, "CAM ", "685 "),
(475, 2, "CAM ", "686 "),
(476, 2, "CAM ", "690 "),
(477, 2, "CAM ", "690C"),
(478, 2, "CAM ", "690F"),
(479, 2, "CAM ", "690I"),
(480, 1, "CHEM", "100 "),
(481, 1, "CHEM", "101 "),
(482, 1, "CHEM", "102 "),
(483, 1, "CHEM", "103 "),
(484, 1, "CHEM", "104 "),
(485, 1, "CHEM", "107 "),
(486, 1, "CHEM", "108 "),
(487, 1, "CHEM", "120 "),
(488, 1, "CHEM", "121 "),
(489, 1, "CHEM", "122 "),
(490, 1, "CHEM", "205 "),
(491, 1, "CHEM", "250 "),
(492, 1, "CHEM", "251 "),
(493, 1, "CHEM", "252 "),
(494, 1, "CHEM", "253 "),
(495, 1, "CHEM", "254 "),
(496, 1, "CHEM", "257 "),
(497, 1, "CHEM", "258 "),
(498, 1, "CHEM", "281 "),
(499, 1, "CHEM", "311 "),
(500, 1, "CHEM", "312 "),
(501, 1, "CHEM", "314 "),
(502, 1, "CHEM", "351 "),
(503, 1, "CHEM", "352 "),
(504, 1, "CHEM", "354 "),
(505, 1, "CHEM", "409 "),
(506, 1, "CHEM", "424 "),
(507, 1, "CHEM", "450C"),
(508, 1, "CHEM", "466 "),
(509, 2, "CHEM", "555 "),
(510, 1, "CIS ", "110 "),
(511, 1, "CIS ", "310 "),
(512, 1, "CIS ", "315 "),
(513, 1, "CIS ", "323 "),
(514, 1, "CIS ", "325 "),
(515, 1, "CIS ", "335 "),
(516, 1, "CIS ", "337 "),
(517, 1, "CIS ", "339 "),
(518, 1, "CIS ", "405 "),
(519, 1, "CIS ", "421 "),
(520, 1, "CIS ", "422 "),
(521, 1, "CIS ", "423 "),
(522, 1, "CIS ", "424 "),
(523, 1, "CIS ", "425 "),
(524, 1, "CIS ", "444 "),
(525, 1, "CIS ", "449 "),
(526, 1, "CIS ", "450 "),
(527, 1, "CIS ", "460 "),
(528, 1, "CIS ", "485 "),
(529, 1, "CIS ", "494 "),
(530, 2, "CIS ", "500 "),
(531, 2, "CIS ", "510 "),
(532, 2, "CIS ", "522 "),
(533, 2, "CIS ", "523 "),
(534, 2, "CIS ", "524 "),
(535, 2, "CIS ", "525 "),
(536, 2, "CIS ", "540 "),
(537, 2, "CIS ", "544 "),
(538, 2, "CIS ", "547 "),
(539, 2, "CIS ", "548 "),
(540, 2, "CIS ", "549 "),
(541, 2, "CIS ", "550A"),
(542, 2, "CIS ", "550B"),
(543, 2, "CIS ", "550C"),
(544, 2, "CIS ", "603 "),
(545, 2, "CIS ", "604A"),
(546, 2, "CIS ", "604B"),
(547, 2, "CIS ", "604C"),
(548, 2, "CIS ", "640 "),
(549, 2, "CIS ", "641 "),
(550, 2, "CIS ", "642 "),
(551, 2, "CIS ", "643 "),
(552, 2, "CIS ", "644 "),
(553, 2, "CIS ", "645 "),
(554, 2, "CIS ", "646 "),
(555, 2, "CIS ", "647 "),
(556, 2, "CIS ", "648 "),
(557, 2, "CIS ", "650 "),
(558, 2, "CIS ", "650A"),
(559, 2, "CIS ", "650B"),
(560, 2, "CIS ", "650C"),
(561, 1, "CLAB", "460C"),
(562, 1, "CMEN", "202 "),
(563, 1, "CMEN", "213 "),
(564, 1, "CMEN", "255 "),
(565, 1, "CMEN", "304 "),
(566, 1, "CMEN", "313 "),
(567, 1, "CMEN", "332 "),
(568, 1, "CMEN", "354 "),
(569, 1, "CMEN", "402 "),
(570, 1, "CMEN", "407 "),
(571, 1, "CMEN", "413 "),
(572, 1, "CMEN", "420 "),
(573, 1, "CMEN", "425 "),
(574, 1, "CMEN", "430 "),
(575, 1, "CMEN", "431 "),
(576, 1, "CMEN", "432 "),
(577, 1, "CMEN", "451 "),
(578, 1, "CMEN", "453 "),
(579, 2, "CMEN", "551 "),
(580, 2, "CMEN", "551C"),
(581, 2, "CMEN", "551F"),
(582, 1, "COMM", "211 "),
(583, 1, "COMM", "315 "),
(584, 1, "COMM", "417 "),
(585, 1, "COMM", "431 "),
(586, 1, "COMM", "433 "),
(587, 1, "COMM", "439 "),
(588, 1, "COMM", "455 "),
(589, 1, "COMM", "466 "),
(590, 1, "COUN", "201 "),
(591, 2, "COUN", "501 "),
(592, 2, "COUN", "502 "),
(593, 2, "COUN", "503 "),
(594, 2, "COUN", "505 "),
(595, 2, "COUN", "509 "),
(596, 2, "COUN", "516 "),
(597, 2, "COUN", "517 "),
(598, 2, "COUN", "518 "),
(599, 2, "COUN", "524 "),
(600, 2, "COUN", "530 "),
(601, 2, "COUN", "531 "),
(602, 2, "COUN", "532 "),
(603, 2, "COUN", "533 "),
(604, 2, "COUN", "534 "),
(605, 2, "COUN", "535 "),
(606, 2, "COUN", "535A"),
(607, 2, "COUN", "535B"),
(608, 2, "COUN", "535C"),
(609, 2, "COUN", "585 "),
(610, 2, "COUN", "586 "),
(611, 2, "COUN", "587 "),
(612, 2, "COUN", "590 "),
(613, 1, "CSC ", "100 "),
(614, 1, "CSC ", "120 "),
(615, 1, "CSC ", "122 "),
(616, 1, "CSC ", "220 "),
(617, 1, "CSC ", "222 "),
(618, 1, "CSC ", "230 "),
(619, 1, "CSC ", "251 "),
(620, 1, "CSC ", "265 "),
(621, 1, "CSC ", "269 "),
(622, 1, "CSC ", "310 "),
(623, 1, "CSC ", "325 "),
(624, 1, "CSC ", "330 "),
(625, 1, "CSC ", "345 "),
(626, 1, "CSC ", "364 "),
(627, 1, "CSC ", "403 "),
(628, 1, "CSC ", "404 "),
(629, 1, "CSC ", "428 "),
(630, 1, "CSC ", "438 "),
(631, 1, "CSC ", "442 "),
(632, 1, "CSC ", "443 "),
(633, 1, "CSC ", "446 "),
(634, 1, "CSC ", "447 "),
(635, 1, "CSC ", "450 "),
(636, 1, "CSC ", "454 "),
(637, 1, "CSC ", "456 "),
(638, 1, "CSC ", "470 "),
(639, 1, "CSC ", "475 "),
(640, 1, "CSC ", "485 "),
(641, 1, "CSC ", "486 "),
(642, 1, "CSC ", "487 "),
(643, 1, "CSC ", "490C"),
(644, 1, "CSC ", "493 "),
(645, 1, "CSC ", "498 "),
(646, 2, "CSC ", "532 "),
(647, 2, "CSC ", "542 "),
(648, 2, "CSC ", "543 "),
(649, 2, "CSC ", "550C"),
(650, 2, "CSC ", "551 "),
(651, 2, "CSC ", "551C"),
(652, 2, "CSC ", "551F"),
(653, 2, "CSC ", "555 "),
(654, 2, "CSC ", "575 "),
(655, 2, "CSC ", "579 "),
(656, 2, "CSC ", "580 "),
(657, 2, "CSC ", "583 "),
(658, 2, "CSC ", "584 "),
(659, 2, "CSC ", "585 "),
(660, 2, "CSC ", "586 "),
(661, 1, "CVEN", "202 "),
(662, 1, "CVEN", "254 "),
(663, 1, "CVEN", "314 "),
(664, 1, "CVEN", "324 "),
(665, 1, "CVEN", "332 "),
(666, 1, "CVEN", "333 "),
(667, 1, "CVEN", "340 "),
(668, 1, "CVEN", "342 "),
(669, 1, "CVEN", "343 "),
(670, 1, "CVEN", "355 "),
(671, 1, "CVEN", "392 "),
(672, 1, "CVEN", "411 "),
(673, 1, "CVEN", "417 "),
(674, 1, "CVEN", "421 "),
(675, 1, "CVEN", "427 "),
(676, 1, "CVEN", "435 "),
(677, 1, "CVEN", "436 "),
(678, 1, "CVEN", "437 "),
(679, 1, "CVEN", "442 "),
(680, 1, "CVEN", "455 "),
(681, 1, "CVEN", "456 "),
(682, 1, "CVEN", "460 "),
(683, 1, "CVEN", "464 "),
(684, 1, "CVEN", "466 "),
(685, 1, "CVEN", "470 "),
(686, 1, "CVEN", "475 "),
(687, 1, "CVEN", "480 "),
(688, 1, "CVEN", "492 "),
(689, 1, "CVEN", "493 "),
(690, 1, "CVEN", "494 "),
(691, 2, "CVEN", "502 "),
(692, 2, "CVEN", "503 "),
(693, 2, "CVEN", "504 "),
(694, 2, "CVEN", "505 "),
(695, 2, "CVEN", "506 "),
(696, 2, "CVEN", "507 "),
(697, 2, "CVEN", "515 "),
(698, 2, "CVEN", "551 "),
(699, 2, "CVEN", "551C"),
(700, 2, "CVEN", "551F"),
(701, 2, "CVEN", "580 "),
(702, 1, "CVTE", "100 "),
(703, 1, "CVTE", "210 "),
(704, 1, "CVTE", "255 "),
(705, 1, "CVTE", "373 "),
(706, 1, "CVTE", "471 "),
(707, 1, "CVTE", "492 "),
(708, 1, "CVTE", "493 "),
(709, 1, "CYEN", "120 "),
(710, 1, "CYEN", "122 "),
(711, 1, "CYEN", "301 "),
(712, 1, "CYEN", "400 "),
(713, 1, "CYEN", "401 "),
(714, 1, "CYEN", "402 "),
(715, 1, "CYEN", "403 "),
(716, 1, "CYEN", "480 "),
(717, 1, "CYEN", "481 "),
(718, 1, "CYEN", "482 "),
(719, 1, "ECON", "215 "),
(720, 1, "ECON", "312 "),
(721, 1, "ECON", "399 "),
(722, 1, "ECON", "403 "),
(723, 1, "ECON", "407 "),
(724, 1, "ECON", "408 "),
(725, 1, "ECON", "409 "),
(726, 1, "ECON", "418 "),
(727, 1, "ECON", "437 "),
(728, 1, "ECON", "485 "),
(729, 1, "ECON", "494 "),
(730, 2, "ECON", "500 "),
(731, 2, "ECON", "501 "),
(732, 2, "ECON", "510 "),
(733, 2, "ECON", "550 "),
(734, 2, "ECON", "550A"),
(735, 2, "ECON", "550B"),
(736, 2, "ECON", "550C"),
(737, 2, "ECON", "650 "),
(738, 2, "ECON", "650A"),
(739, 2, "ECON", "650B"),
(740, 2, "ECON", "650C"),
(741, 1, "ECT ", "440 "),
(742, 1, "ECT ", "441 "),
(743, 1, "ECT ", "442 "),
(744, 1, "EDCI", "401 "),
(745, 1, "EDCI", "409 "),
(746, 1, "EDCI", "410 "),
(747, 1, "EDCI", "411 "),
(748, 1, "EDCI", "412 "),
(749, 1, "EDCI", "413 "),
(750, 1, "EDCI", "414 "),
(751, 1, "EDCI", "415 "),
(752, 1, "EDCI", "416 "),
(753, 1, "EDCI", "416B"),
(754, 1, "EDCI", "416C"),
(755, 1, "EDCI", "416D"),
(756, 1, "EDCI", "416E"),
(757, 1, "EDCI", "416F"),
(758, 1, "EDCI", "416I"),
(759, 1, "EDCI", "417 "),
(760, 1, "EDCI", "420 "),
(761, 1, "EDCI", "421 "),
(762, 1, "EDCI", "422 "),
(763, 1, "EDCI", "423 "),
(764, 1, "EDCI", "424 "),
(765, 1, "EDCI", "425 "),
(766, 1, "EDCI", "426 "),
(767, 1, "EDCI", "431 "),
(768, 1, "EDCI", "432 "),
(769, 1, "EDCI", "433 "),
(770, 1, "EDCI", "434 "),
(771, 1, "EDCI", "435 "),
(772, 1, "EDCI", "436 "),
(773, 1, "EDCI", "437 "),
(774, 1, "EDCI", "438 "),
(775, 1, "EDCI", "439 "),
(776, 1, "EDCI", "440 "),
(777, 1, "EDCI", "441 "),
(778, 1, "EDCI", "442 "),
(779, 1, "EDCI", "445 "),
(780, 1, "EDCI", "447 "),
(781, 1, "EDCI", "448 "),
(782, 1, "EDCI", "450 "),
(783, 1, "EDCI", "453 "),
(784, 1, "EDCI", "456 "),
(785, 1, "EDCI", "457 "),
(786, 1, "EDCI", "458 "),
(787, 1, "EDCI", "459 "),
(788, 1, "EDCI", "460 "),
(789, 1, "EDCI", "461 "),
(790, 1, "EDCI", "462 "),
(791, 1, "EDCI", "463 "),
(792, 1, "EDCI", "464 "),
(793, 1, "EDCI", "466 "),
(794, 1, "EDCI", "467 "),
(795, 1, "EDCI", "470 "),
(796, 1, "EDCI", "471 "),
(797, 1, "EDCI", "472 "),
(798, 1, "EDCI", "473 "),
(799, 1, "EDCI", "477 "),
(800, 1, "EDCI", "480 "),
(801, 1, "EDCI", "482 "),
(802, 1, "EDCI", "483 "),
(803, 1, "EDCI", "484 "),
(804, 1, "EDCI", "485 "),
(805, 1, "EDCI", "486 "),
(806, 1, "EDCI", "489C"),
(807, 1, "EDCI", "493 "),
(808, 1, "EDCI", "494C"),
(809, 1, "EDCI", "495 "),
(810, 1, "EDCI", "496 "),
(811, 1, "EDCI", "498 "),
(812, 1, "EDCI", "499 "),
(813, 2, "EDCI", "520 "),
(814, 2, "EDCI", "523 "),
(815, 2, "EDCI", "524 "),
(816, 2, "EDCI", "527 "),
(817, 2, "EDCI", "530 "),
(818, 2, "EDCI", "540 "),
(819, 2, "EDCI", "565 "),
(820, 2, "EDCI", "576 "),
(821, 2, "EDCI", "576A"),
(822, 2, "EDCI", "576B"),
(823, 2, "EDCI", "576C"),
(824, 2, "EDCI", "576D"),
(825, 2, "EDCI", "576F"),
(826, 2, "EDCI", "576I"),
(827, 2, "EDCI", "578 "),
(828, 2, "EDCI", "579 "),
(829, 2, "EDCI", "582 "),
(830, 2, "EDCI", "585 "),
(831, 2, "EDCI", "588 "),
(832, 2, "EDCI", "590 "),
(833, 2, "EDCI", "591 "),
(834, 2, "EDCI", "592 "),
(835, 2, "EDCI", "593 "),
(836, 2, "EDCI", "594C"),
(837, 2, "EDCI", "596 "),
(838, 2, "EDCI", "597 "),
(839, 2, "EDCI", "598 "),
(840, 2, "EDCI", "599 "),
(841, 2, "EDLE", "530 "),
(842, 2, "EDLE", "553 "),
(843, 2, "EDLE", "567 "),
(844, 2, "EDLE", "585 "),
(845, 2, "EDLE", "593 "),
(846, 2, "EDLE", "594 "),
(847, 2, "EDLE", "594A"),
(848, 2, "EDLE", "594B"),
(849, 2, "EDLE", "594C"),
(850, 2, "EDLE", "594D"),
(851, 2, "EDLE", "599 "),
(852, 2, "EDLE", "730 "),
(853, 2, "EDLE", "731 "),
(854, 2, "EDLE", "732 "),
(855, 2, "EDLE", "733 "),
(856, 2, "EDLE", "734 "),
(857, 2, "EDLE", "735 "),
(858, 2, "EDLE", "736 "),
(859, 1, "EDUC", "289B"),
(860, 1, "EDUC", "430 "),
(861, 1, "EDUC", "431 "),
(862, 1, "EDUC", "462 "),
(863, 1, "EDUC", "463 "),
(864, 1, "EDUC", "466 "),
(865, 1, "EDUC", "473 "),
(866, 1, "EDUC", "489C"),
(867, 1, "EDUC", "494C"),
(868, 2, "EDUC", "530 "),
(869, 2, "EDUC", "530B"),
(870, 2, "EDUC", "530C"),
(871, 2, "EDUC", "530D"),
(872, 2, "EDUC", "530F"),
(873, 2, "EDUC", "530I"),
(874, 2, "EDUC", "594C"),
(875, 1, "ELEN", "223 "),
(876, 1, "ELEN", "224 "),
(877, 1, "ELEN", "229 "),
(878, 1, "ELEN", "232 "),
(879, 1, "ELEN", "242 "),
(880, 1, "ELEN", "292 "),
(881, 1, "ELEN", "311 "),
(882, 1, "ELEN", "321 "),
(883, 1, "ELEN", "322 "),
(884, 1, "ELEN", "334 "),
(885, 1, "ELEN", "335 "),
(886, 1, "ELEN", "336 "),
(887, 1, "ELEN", "339 "),
(888, 1, "ELEN", "381 "),
(889, 1, "ELEN", "406 "),
(890, 1, "ELEN", "407 "),
(891, 1, "ELEN", "408 "),
(892, 1, "ELEN", "411 "),
(893, 1, "ELEN", "422 "),
(894, 1, "ELEN", "423 "),
(895, 1, "ELEN", "433 "),
(896, 1, "ELEN", "437 "),
(897, 1, "ELEN", "438 "),
(898, 1, "ELEN", "439 "),
(899, 1, "ELEN", "450 "),
(900, 1, "ELEN", "451 "),
(901, 1, "ELEN", "461 "),
(902, 1, "ELEN", "462 "),
(903, 1, "ELEN", "463 "),
(904, 1, "ELEN", "469 "),
(905, 1, "ELEN", "471 "),
(906, 1, "ELEN", "472 "),
(907, 1, "ELEN", "479 "),
(908, 1, "ELEN", "481 "),
(909, 1, "ELEN", "482 "),
(910, 1, "ELEN", "483 "),
(911, 1, "ELEN", "489 "),
(912, 2, "ELEN", "512 "),
(913, 2, "ELEN", "525 "),
(914, 2, "ELEN", "526 "),
(915, 2, "ELEN", "527 "),
(916, 2, "ELEN", "533 "),
(917, 2, "ELEN", "535 "),
(918, 2, "ELEN", "537 "),
(919, 2, "ELEN", "538 "),
(920, 2, "ELEN", "550 "),
(921, 2, "ELEN", "551 "),
(922, 2, "ELEN", "551C"),
(923, 2, "ELEN", "551F"),
(924, 2, "ELEN", "555 "),
(925, 2, "ELEN", "561 "),
(926, 2, "ELEN", "565 "),
(927, 2, "ELEN", "566 "),
(928, 2, "ELEN", "567 "),
(929, 2, "ELEN", "572 "),
(930, 2, "ELEN", "573 "),
(931, 2, "ELEN", "575 "),
(932, 2, "ELEN", "581 "),
(933, 2, "ELEN", "582 "),
(934, 1, "ELET", "170 "),
(935, 1, "ELET", "171 "),
(936, 1, "ELET", "180 "),
(937, 1, "ELET", "181 "),
(938, 1, "ELET", "196 "),
(939, 1, "ELET", "197 "),
(940, 1, "ELET", "198 "),
(941, 1, "ELET", "260 "),
(942, 1, "ELET", "261 "),
(943, 1, "ELET", "268 "),
(944, 1, "ELET", "270 "),
(945, 1, "ELET", "271 "),
(946, 1, "ELET", "272 "),
(947, 1, "ELET", "273 "),
(948, 1, "ELET", "280 "),
(949, 1, "ELET", "360 "),
(950, 1, "ELET", "361 "),
(951, 1, "ELET", "370 "),
(952, 1, "ELET", "371 "),
(953, 1, "ELET", "374 "),
(954, 1, "ELET", "375 "),
(955, 1, "ELET", "378 "),
(956, 1, "ELET", "380 "),
(957, 1, "ELET", "390 "),
(958, 1, "ELET", "422 "),
(959, 1, "ELET", "423 "),
(960, 1, "ELET", "460 "),
(961, 1, "ELET", "461 "),
(962, 1, "ELET", "468 "),
(963, 1, "ELET", "469 "),
(964, 1, "ELET", "470 "),
(965, 1, "ELET", "471 "),
(966, 1, "ELET", "472 "),
(967, 1, "ELET", "475 "),
(968, 1, "ELET", "476 "),
(969, 1, "ELET", "477 "),
(970, 1, "ELET", "490 "),
(971, 1, "ELET", "490A"),
(972, 1, "ELET", "490B"),
(973, 1, "ELET", "490C"),
(974, 1, "ENGL", "099 "),
(975, 1, "ENGL", "100 "),
(976, 1, "ENGL", "101 "),
(977, 1, "ENGL", "102 "),
(978, 1, "ENGL", "105 "),
(979, 1, "ENGL", "201 "),
(980, 1, "ENGL", "202 "),
(981, 1, "ENGL", "210 "),
(982, 1, "ENGL", "211 "),
(983, 1, "ENGL", "212 "),
(984, 1, "ENGL", "303 "),
(985, 1, "ENGL", "307 "),
(986, 1, "ENGL", "308 "),
(987, 1, "ENGL", "325 "),
(988, 1, "ENGL", "332 "),
(989, 1, "ENGL", "336 "),
(990, 1, "ENGL", "363 "),
(991, 1, "ENGL", "384 "),
(992, 1, "ENGL", "401 "),
(993, 1, "ENGL", "402 "),
(994, 1, "ENGL", "403 "),
(995, 1, "ENGL", "404 "),
(996, 1, "ENGL", "408 "),
(997, 1, "ENGL", "409 "),
(998, 1, "ENGL", "410 "),
(999, 1, "ENGL", "411 "),
(1000, 1, "ENGL", "413 "),
(1001, 1, "ENGL", "414 "),
(1002, 1, "ENGL", "415 "),
(1003, 1, "ENGL", "421 "),
(1004, 1, "ENGL", "422 "),
(1005, 1, "ENGL", "424 "),
(1006, 1, "ENGL", "429 "),
(1007, 1, "ENGL", "430 "),
(1008, 1, "ENGL", "434 "),
(1009, 1, "ENGL", "435 "),
(1010, 1, "ENGL", "436 "),
(1011, 1, "ENGL", "437 "),
(1012, 1, "ENGL", "438 "),
(1013, 1, "ENGL", "439 "),
(1014, 1, "ENGL", "440 "),
(1015, 1, "ENGL", "450 "),
(1016, 1, "ENGL", "455 "),
(1017, 1, "ENGL", "456 "),
(1018, 1, "ENGL", "460 "),
(1019, 1, "ENGL", "461 "),
(1020, 1, "ENGL", "462 "),
(1021, 1, "ENGL", "464 "),
(1022, 1, "ENGL", "465 "),
(1023, 1, "ENGL", "466 "),
(1024, 1, "ENGL", "468 "),
(1025, 1, "ENGL", "469 "),
(1026, 1, "ENGL", "482 "),
(1027, 1, "ENGL", "484 "),
(1028, 2, "ENGL", "515 "),
(1029, 2, "ENGL", "560 "),
(1030, 2, "ENGL", "561 "),
(1031, 2, "ENGL", "562 "),
(1032, 2, "ENGL", "564 "),
(1033, 2, "ENGL", "565 "),
(1034, 2, "ENGL", "566 "),
(1035, 2, "ENGL", "566C"),
(1036, 2, "ENGL", "566F"),
(1037, 2, "ENGL", "568 "),
(1038, 2, "ENGL", "569 "),
(1039, 2, "ENGL", "575 "),
(1040, 2, "ENGL", "583 "),
(1041, 2, "ENGL", "584 "),
(1042, 1, "ENGR", "120 "),
(1043, 1, "ENGR", "121 "),
(1044, 1, "ENGR", "122 "),
(1045, 1, "ENGR", "220 "),
(1046, 1, "ENGR", "221 "),
(1047, 1, "ENGR", "222 "),
(1048, 1, "ENGR", "420 "),
(1049, 1, "ENGR", "421 "),
(1050, 1, "ENGR", "422 "),
(1051, 1, "ENGR", "456 "),
(1052, 1, "ENGR", "480 "),
(1053, 1, "ENGR", "481 "),
(1054, 1, "ENGR", "482 "),
(1055, 2, "ENGR", "501 "),
(1056, 2, "ENGR", "510 "),
(1057, 2, "ENGR", "511 "),
(1058, 2, "ENGR", "541 "),
(1059, 2, "ENGR", "551C"),
(1060, 2, "ENGR", "551F"),
(1061, 2, "ENGR", "555 "),
(1062, 2, "ENGR", "566 "),
(1063, 2, "ENGR", "570 "),
(1064, 2, "ENGR", "610 "),
(1065, 2, "ENGR", "650A"),
(1066, 2, "ENGR", "650B"),
(1067, 2, "ENGR", "650C"),
(1068, 2, "ENGR", "651 "),
(1069, 2, "ENGR", "651C"),
(1070, 2, "ENGR", "651F"),
(1071, 2, "ENGR", "651I"),
(1072, 2, "ENGR", "657 "),
(1073, 2, "ENGR", "685 "),
(1074, 2, "ENGR", "686 "),
(1075, 1, "ENSC", "310 "),
(1076, 1, "ENSC", "311 "),
(1077, 1, "ENSC", "313 "),
(1078, 1, "ENSC", "444 "),
(1079, 1, "ENSC", "450 "),
(1080, 1, "ENSC", "458 "),
(1081, 1, "ENSC", "478 "),
(1082, 1, "ENTR", "260 "),
(1083, 1, "ENTR", "402 "),
(1084, 1, "ENTR", "403 "),
(1085, 1, "ENTR", "404 "),
(1086, 1, "ENTR", "410 "),
(1087, 1, "ENTR", "430 "),
(1088, 1, "ENTR", "460 "),
(1089, 1, "ENTR", "489 "),
(1090, 1, "ENTR", "489A"),
(1091, 1, "ENTR", "489B"),
(1092, 1, "ENTR", "489C"),
(1093, 1, "ENTR", "489D"),
(1094, 2, "ENTR", "501 "),
(1095, 2, "ENTR", "502 "),
(1096, 2, "ENTR", "503 "),
(1097, 2, "ENTR", "504 "),
(1098, 2, "ENTR", "510 "),
(1099, 2, "ENTR", "550C"),
(1100, 2, "ENTR", "560 "),
(1101, 1, "EPSY", "480 "),
(1102, 2, "EPSY", "580 "),
(1103, 2, "EPSY", "582 "),
(1104, 2, "EPSY", "584 "),
(1105, 2, "EPSY", "588 "),
(1106, 1, "FCS ", "210 "),
(1107, 1, "FCS ", "255 "),
(1108, 1, "FCS ", "301 "),
(1109, 1, "FCS ", "320 "),
(1110, 1, "FCS ", "325 "),
(1111, 1, "FCS ", "331 "),
(1112, 1, "FCS ", "341 "),
(1113, 1, "FCS ", "355 "),
(1114, 1, "FCS ", "361 "),
(1115, 1, "FCS ", "395 "),
(1116, 1, "FCS ", "401 "),
(1117, 1, "FCS ", "410 "),
(1118, 1, "FCS ", "420 "),
(1119, 1, "FCS ", "431 "),
(1120, 1, "FCS ", "444 "),
(1121, 1, "FCS ", "447 "),
(1122, 1, "FCS ", "451 "),
(1123, 1, "FCS ", "471 "),
(1124, 1, "FCS ", "475 "),
(1125, 1, "FCS ", "490 "),
(1126, 2, "FCS ", "500 "),
(1127, 2, "FCS ", "503 "),
(1128, 2, "FCS ", "550 "),
(1129, 2, "FCS ", "571 "),
(1130, 2, "FCS ", "590 "),
(1131, 1, "FINC", "318 "),
(1132, 1, "FINC", "406 "),
(1133, 1, "FINC", "412 "),
(1134, 1, "FINC", "414 "),
(1135, 1, "FINC", "421 "),
(1136, 1, "FINC", "425 "),
(1137, 1, "FINC", "430 "),
(1138, 1, "FINC", "477 "),
(1139, 1, "FINC", "485 "),
(1140, 1, "FINC", "494 "),
(1141, 2, "FINC", "500 "),
(1142, 2, "FINC", "515 "),
(1143, 2, "FINC", "518 "),
(1144, 2, "FINC", "530 "),
(1145, 2, "FINC", "550 "),
(1146, 2, "FINC", "550A"),
(1147, 2, "FINC", "550B"),
(1148, 2, "FINC", "550C"),
(1149, 2, "FINC", "577 "),
(1150, 2, "FINC", "603 "),
(1151, 2, "FINC", "604A"),
(1152, 2, "FINC", "604B"),
(1153, 2, "FINC", "604C"),
(1154, 2, "FINC", "610 "),
(1155, 2, "FINC", "615 "),
(1156, 2, "FINC", "616 "),
(1157, 2, "FINC", "619 "),
(1158, 2, "FINC", "620 "),
(1159, 2, "FINC", "635 "),
(1160, 2, "FINC", "645 "),
(1161, 2, "FINC", "650 "),
(1162, 2, "FINC", "650A"),
(1163, 2, "FINC", "650B"),
(1164, 2, "FINC", "650C"),
(1165, 1, "FLNG", "453 "),
(1166, 1, "FLNG", "489 "),
(1167, 1, "FLNG", "494A"),
(1168, 1, "FLNG", "494B"),
(1169, 1, "FLNG", "494C"),
(1170, 1, "FNU ", "274 "),
(1171, 1, "FNU ", "302 "),
(1172, 1, "FNU ", "305 "),
(1173, 1, "FNU ", "402 "),
(1174, 1, "FNU ", "403 "),
(1175, 1, "FNU ", "404 "),
(1176, 1, "FNU ", "412 "),
(1177, 1, "FNU ", "414 "),
(1178, 1, "FNU ", "423 "),
(1179, 1, "FNU ", "463 "),
(1180, 1, "FNU ", "492 "),
(1181, 1, "FNU ", "492A"),
(1182, 1, "FNU ", "492C"),
(1183, 1, "FNU ", "492H"),
(1184, 1, "FNU ", "492I"),
(1185, 2, "FNU ", "520 "),
(1186, 2, "FNU ", "527 "),
(1187, 2, "FNU ", "548 "),
(1188, 2, "FNU ", "562 "),
(1189, 2, "FNU ", "592A"),
(1190, 2, "FNU ", "592B"),
(1191, 2, "FNU ", "592C"),
(1192, 2, "FNU ", "592D"),
(1193, 2, "FNU ", "592E"),
(1194, 2, "FNU ", "592F"),
(1195, 2, "FNU ", "598 "),
(1196, 1, "FOR ", "111 "),
(1197, 1, "FOR ", "115 "),
(1198, 1, "FOR ", "116 "),
(1199, 1, "FOR ", "205 "),
(1200, 1, "FOR ", "220A"),
(1201, 1, "FOR ", "220B"),
(1202, 1, "FOR ", "220C"),
(1203, 1, "FOR ", "230 "),
(1204, 1, "FOR ", "231 "),
(1205, 1, "FOR ", "232 "),
(1206, 1, "FOR ", "233 "),
(1207, 1, "FOR ", "241 "),
(1208, 1, "FOR ", "242 "),
(1209, 1, "FOR ", "300 "),
(1210, 1, "FOR ", "301 "),
(1211, 1, "FOR ", "302 "),
(1212, 1, "FOR ", "306 "),
(1213, 1, "FOR ", "312 "),
(1214, 1, "FOR ", "313 "),
(1215, 1, "FOR ", "315 "),
(1216, 1, "FOR ", "320 "),
(1217, 1, "FOR ", "401 "),
(1218, 1, "FOR ", "402 "),
(1219, 1, "FOR ", "404 "),
(1220, 1, "FOR ", "406 "),
(1221, 1, "FOR ", "410 "),
(1222, 1, "FOR ", "413 "),
(1223, 1, "FOR ", "417 "),
(1224, 1, "FOR ", "425 "),
(1225, 1, "FOR ", "427 "),
(1226, 1, "FOR ", "428 "),
(1227, 1, "FOR ", "430 "),
(1228, 1, "FOR ", "431 "),
(1229, 1, "FOR ", "455 "),
(1230, 1, "FOR ", "456 "),
(1231, 1, "FOR ", "460 "),
(1232, 1, "FOR ", "477 "),
(1233, 1, "FOR ", "477C"),
(1234, 1, "FOR ", "477F"),
(1235, 1, "FOR ", "477H"),
(1236, 1, "FOR ", "477I"),
(1237, 1, "FOR ", "478 "),
(1238, 1, "FOR ", "478A"),
(1239, 1, "FOR ", "478C"),
(1240, 1, "FOR ", "478F"),
(1241, 1, "FOR ", "478H"),
(1242, 1, "FOR ", "478I"),
(1243, 1, "FOR ", "479 "),
(1244, 1, "FOR ", "479C"),
(1245, 1, "FOR ", "479F"),
(1246, 1, "FOR ", "479H"),
(1247, 1, "FOR ", "479I"),
(1248, 1, "FOR ", "480 "),
(1249, 2, "FOR ", "527 "),
(1250, 2, "FOR ", "528 "),
(1251, 1, "FREN", "102 "),
(1252, 1, "FREN", "201 "),
(1253, 1, "FREN", "202 "),
(1254, 1, "FREN", "301 "),
(1255, 1, "FREN", "302 "),
(1256, 1, "FREN", "304 "),
(1257, 1, "FREN", "305 "),
(1258, 1, "FREN", "308 "),
(1259, 1, "FREN", "390 "),
(1260, 1, "FREN", "400 "),
(1261, 1, "FREN", "404 "),
(1262, 1, "FREN", "417 "),
(1263, 1, "FREN", "470 "),
(1264, 1, "FSTU", "101C"),
(1265, 1, "FSTU", "201C"),
(1266, 1, "FSTU", "301C"),
(1267, 1, "FSTU", "401C"),
(1268, 1, "GEOG", "331 "),
(1269, 1, "GEOG", "341 "),
(1270, 1, "GEOG", "371 "),
(1271, 1, "GEOG", "440 "),
(1272, 1, "GEOL", "112 "),
(1273, 1, "GEOL", "121 "),
(1274, 1, "GEOL", "122 "),
(1275, 1, "GEOL", "211 "),
(1276, 1, "GEOL", "305 "),
(1277, 1, "GEOL", "315 "),
(1278, 1, "GEOL", "316 "),
(1279, 1, "GEOL", "318 "),
(1280, 1, "GEOL", "460 "),
(1281, 1, "GISC", "224 "),
(1282, 1, "GISC", "250 "),
(1283, 1, "GISC", "260 "),
(1284, 1, "GISC", "341 "),
(1285, 1, "GISC", "350 "),
(1286, 1, "GISC", "360 "),
(1287, 1, "GISC", "371 "),
(1288, 1, "GISC", "460 "),
(1289, 1, "GISC", "461 "),
(1290, 1, "GISC", "462 "),
(1291, 1, "GISC", "463 "),
(1292, 1, "GISC", "464 "),
(1293, 1, "HEC ", "257 "),
(1294, 1, "HEC ", "267A"),
(1295, 1, "HEC ", "267B"),
(1296, 1, "HEC ", "267C"),
(1297, 1, "HEC ", "357 "),
(1298, 1, "HEC ", "467 "),
(1299, 1, "HEC ", "467A"),
(1300, 1, "HEC ", "467B"),
(1301, 1, "HEC ", "467C"),
(1302, 1, "HEC ", "478 "),
(1303, 2, "HEC ", "504C"),
(1304, 2, "HEC ", "546 "),
(1305, 2, "HEC ", "551 "),
(1306, 2, "HEC ", "551C"),
(1307, 2, "HEC ", "551F"),
(1308, 2, "HEC ", "560 "),
(1309, 2, "HEC ", "562 "),
(1310, 2, "HEC ", "585 "),
(1311, 1, "HES ", "100 "),
(1312, 1, "HES ", "110 "),
(1313, 1, "HES ", "111 "),
(1314, 1, "HES ", "113 "),
(1315, 1, "HES ", "114 "),
(1316, 1, "HES ", "115 "),
(1317, 1, "HES ", "116 "),
(1318, 1, "HES ", "117 "),
(1319, 1, "HES ", "120 "),
(1320, 1, "HES ", "124 "),
(1321, 1, "HES ", "130 "),
(1322, 1, "HES ", "133 "),
(1323, 1, "HES ", "136 "),
(1324, 1, "HES ", "142 "),
(1325, 1, "HES ", "144 "),
(1326, 1, "HES ", "155B"),
(1327, 1, "HES ", "160 "),
(1328, 1, "HES ", "162 "),
(1329, 1, "HES ", "164 "),
(1330, 1, "HES ", "170 "),
(1331, 1, "HES ", "172 "),
(1332, 1, "HES ", "215 "),
(1333, 1, "HES ", "220 "),
(1334, 1, "HES ", "255 "),
(1335, 1, "HES ", "256 "),
(1336, 1, "HES ", "265 "),
(1337, 1, "HES ", "280 "),
(1338, 1, "HES ", "290 "),
(1339, 1, "HES ", "292 "),
(1340, 1, "HES ", "312 "),
(1341, 1, "HES ", "313 "),
(1342, 1, "HES ", "316 "),
(1343, 1, "HES ", "326 "),
(1344, 1, "HES ", "350 "),
(1345, 1, "HES ", "383 "),
(1346, 1, "HES ", "402 "),
(1347, 1, "HES ", "405 "),
(1348, 1, "HES ", "406 "),
(1349, 1, "HES ", "407 "),
(1350, 1, "HES ", "408 "),
(1351, 1, "HES ", "409 "),
(1352, 1, "HES ", "410 "),
(1353, 1, "HES ", "414 "),
(1354, 1, "HES ", "415 "),
(1355, 1, "HES ", "416 "),
(1356, 1, "HES ", "418 "),
(1357, 1, "HES ", "425 "),
(1358, 1, "HES ", "435A"),
(1359, 1, "HES ", "435B"),
(1360, 1, "HES ", "435C"),
(1361, 1, "HES ", "457 "),
(1362, 2, "HES ", "510 "),
(1363, 2, "HES ", "511 "),
(1364, 2, "HES ", "512 "),
(1365, 2, "HES ", "513 "),
(1366, 2, "HES ", "515A"),
(1367, 2, "HES ", "515B"),
(1368, 2, "HES ", "515C"),
(1369, 2, "HES ", "515F"),
(1370, 2, "HES ", "533A"),
(1371, 2, "HES ", "533B"),
(1372, 2, "HES ", "533C"),
(1373, 2, "HES ", "535A"),
(1374, 2, "HES ", "535B"),
(1375, 2, "HES ", "535C"),
(1376, 2, "HES ", "548 "),
(1377, 2, "HES ", "551 "),
(1378, 2, "HES ", "551C"),
(1379, 2, "HES ", "551F"),
(1380, 2, "HES ", "585 "),
(1381, 1, "HIM ", "102 "),
(1382, 1, "HIM ", "110 "),
(1383, 1, "HIM ", "120 "),
(1384, 1, "HIM ", "204 "),
(1385, 1, "HIM ", "207 "),
(1386, 1, "HIM ", "208 "),
(1387, 1, "HIM ", "226 "),
(1388, 1, "HIM ", "229 "),
(1389, 1, "HIM ", "232 "),
(1390, 1, "HIM ", "234 "),
(1391, 1, "HIM ", "236 "),
(1392, 1, "HIM ", "237 "),
(1393, 1, "HIM ", "238 "),
(1394, 1, "HIM ", "251 "),
(1395, 1, "HIM ", "252 "),
(1396, 1, "HIM ", "277 "),
(1397, 1, "HIM ", "278 "),
(1398, 1, "HIM ", "278A"),
(1399, 1, "HIM ", "278B"),
(1400, 1, "HIM ", "278C"),
(1401, 1, "HIM ", "278D"),
(1402, 1, "HIM ", "278E"),
(1403, 1, "HIM ", "278F"),
(1404, 1, "HIM ", "278G"),
(1405, 1, "HIM ", "278H"),
(1406, 1, "HIM ", "280 "),
(1407, 1, "HIM ", "282 "),
(1408, 1, "HIM ", "312 "),
(1409, 1, "HIM ", "318 "),
(1410, 1, "HIM ", "319 "),
(1411, 1, "HIM ", "330 "),
(1412, 1, "HIM ", "333 "),
(1413, 1, "HIM ", "350 "),
(1414, 1, "HIM ", "411 "),
(1415, 1, "HIM ", "417 "),
(1416, 1, "HIM ", "418 "),
(1417, 1, "HIM ", "425 "),
(1418, 1, "HIM ", "430 "),
(1419, 1, "HIM ", "431 "),
(1420, 1, "HIM ", "435 "),
(1421, 1, "HIM ", "478 "),
(1422, 1, "HIM ", "478A"),
(1423, 1, "HIM ", "478B"),
(1424, 1, "HIM ", "478C"),
(1425, 1, "HIM ", "478D"),
(1426, 1, "HIM ", "478E"),
(1427, 1, "HIM ", "478F"),
(1428, 1, "HIM ", "478G"),
(1429, 1, "HIM ", "478H"),
(1430, 2, "HIM ", "500 "),
(1431, 2, "HIM ", "501 "),
(1432, 2, "HIM ", "502 "),
(1433, 2, "HIM ", "503 "),
(1434, 2, "HIM ", "504 "),
(1435, 2, "HIM ", "505 "),
(1436, 2, "HIM ", "510 "),
(1437, 2, "HIM ", "511 "),
(1438, 2, "HIM ", "512 "),
(1439, 2, "HIM ", "513 "),
(1440, 2, "HIM ", "521 "),
(1441, 2, "HIM ", "522 "),
(1442, 2, "HIM ", "523 "),
(1443, 2, "HIM ", "557 "),
(1444, 2, "HIM ", "599 "),
(1445, 1, "HIST", "406 "),
(1446, 1, "HIST", "408 "),
(1447, 1, "HIST", "409 "),
(1448, 1, "HIST", "412 "),
(1449, 1, "HIST", "417 "),
(1450, 1, "HIST", "418 "),
(1451, 1, "HIST", "423 "),
(1452, 1, "HIST", "436 "),
(1453, 1, "HIST", "442 "),
(1454, 1, "HIST", "450 "),
(1455, 1, "HIST", "466 "),
(1456, 1, "HIST", "475 "),
(1457, 1, "HIST", "489 "),
(1458, 1, "HIST", "490 "),
(1459, 1, "HIST", "495 "),
(1460, 2, "HIST", "501 "),
(1461, 2, "HIST", "507 "),
(1462, 2, "HIST", "510 "),
(1463, 2, "HIST", "516 "),
(1464, 2, "HIST", "595 "),
(1465, 1, "HNRS", "100 "),
(1466, 1, "HNRS", "103 "),
(1467, 1, "HNRS", "104 "),
(1468, 1, "HNRS", "105 "),
(1469, 1, "HNRS", "106 "),
(1470, 1, "HNRS", "107 "),
(1471, 1, "HNRS", "108 "),
(1472, 1, "HNRS", "110 "),
(1473, 1, "HNRS", "112 "),
(1474, 1, "HNRS", "114 "),
(1475, 1, "HNRS", "115 "),
(1476, 1, "HNRS", "120 "),
(1477, 1, "HNRS", "121 "),
(1478, 1, "HNRS", "122 "),
(1479, 1, "HNRS", "125 "),
(1480, 1, "HNRS", "201 "),
(1481, 1, "HNRS", "202 "),
(1482, 1, "HNRS", "203 "),
(1483, 1, "HNRS", "204 "),
(1484, 1, "HNRS", "210 "),
(1485, 1, "HNRS", "211 "),
(1486, 1, "HNRS", "212 "),
(1487, 1, "HNRS", "225 "),
(1488, 1, "HNRS", "241 "),
(1489, 1, "HNRS", "280 "),
(1490, 1, "HNRS", "290 "),
(1491, 1, "HNRS", "291 "),
(1492, 1, "HNRS", "292 "),
(1493, 1, "HNRS", "303 "),
(1494, 1, "HNRS", "363 "),
(1495, 1, "HNRS", "377 "),
(1496, 1, "HNRS", "384 "),
(1497, 1, "HNRS", "389 "),
(1498, 1, "HNRS", "411 "),
(1499, 1, "HNRS", "414 "),
(1500, 1, "HNRS", "489 "),
(1501, 1, "HNRS", "495 "),
(1502, 1, "HNRS", "499 "),
(1503, 1, "IDES", "242 "),
(1504, 1, "IDES", "243 "),
(1505, 1, "IDES", "244 "),
(1506, 1, "IDES", "250 "),
(1507, 1, "IDES", "252 "),
(1508, 1, "IDES", "253 "),
(1509, 1, "IDES", "254 "),
(1510, 1, "IDES", "316 "),
(1511, 1, "IDES", "342 "),
(1512, 1, "IDES", "343 "),
(1513, 1, "IDES", "344 "),
(1514, 1, "IDES", "353 "),
(1515, 1, "IDES", "354 "),
(1516, 1, "IDES", "355 "),
(1517, 1, "IDES", "356 "),
(1518, 1, "IDES", "402 "),
(1519, 1, "IDES", "442 "),
(1520, 1, "IDES", "443 "),
(1521, 1, "IDES", "444 "),
(1522, 1, "IDES", "451 "),
(1523, 1, "IDES", "452 "),
(1524, 1, "IDES", "453 "),
(1525, 1, "IDES", "454 "),
(1526, 1, "IDES", "458 "),
(1527, 1, "IDES", "461 "),
(1528, 2, "IDES", "551C"),
(1529, 2, "IDES", "551F"),
(1530, 2, "IDES", "560 "),
(1531, 1, "INEN", "315 "),
(1532, 1, "INEN", "400 "),
(1533, 1, "INEN", "401 "),
(1534, 1, "INEN", "402 "),
(1535, 1, "INEN", "404 "),
(1536, 1, "INEN", "407 "),
(1537, 1, "INEN", "408 "),
(1538, 1, "INEN", "409 "),
(1539, 1, "INEN", "410 "),
(1540, 1, "INEN", "411 "),
(1541, 1, "INEN", "413 "),
(1542, 1, "INEN", "414 "),
(1543, 1, "INEN", "415 "),
(1544, 1, "INEN", "421 "),
(1545, 1, "INEN", "422 "),
(1546, 1, "INEN", "423 "),
(1547, 2, "INEN", "503 "),
(1548, 2, "INEN", "505 "),
(1549, 2, "INEN", "509 "),
(1550, 2, "INEN", "511 "),
(1551, 2, "INEN", "514 "),
(1552, 2, "INEN", "515 "),
(1553, 2, "INEN", "517 "),
(1554, 2, "INEN", "518 "),
(1555, 2, "INEN", "519 "),
(1556, 2, "INEN", "551 "),
(1557, 2, "INEN", "551C"),
(1558, 2, "INEN", "551F"),
(1559, 1, "ISTY", "401 "),
(1560, 1, "ISTY", "401F"),
(1561, 1, "ISTY", "401I"),
(1562, 1, "ISTY", "401L"),
(1563, 1, "ISTY", "498C"),
(1564, 1, "ITEC", "110 "),
(1565, 1, "ITEC", "220 "),
(1566, 1, "ITEC", "410 "),
(1567, 1, "ITEC", "411 "),
(1568, 1, "ITEC", "420 "),
(1569, 1, "ITEC", "440 "),
(1570, 1, "ITEC", "460 "),
(1571, 1, "JOUR", "102 "),
(1572, 1, "JOUR", "210 "),
(1573, 1, "JOUR", "220 "),
(1574, 1, "JOUR", "230 "),
(1575, 1, "JOUR", "311 "),
(1576, 1, "JOUR", "350 "),
(1577, 1, "JOUR", "353 "),
(1578, 1, "JOUR", "355 "),
(1579, 1, "JOUR", "380 "),
(1580, 1, "JOUR", "475 "),
(1581, 1, "JOUR", "494 "),
(1582, 1, "JOUR", "499 "),
(1583, 1, "KINE", "100 "),
(1584, 1, "KINE", "110 "),
(1585, 1, "KINE", "111 "),
(1586, 1, "KINE", "113 "),
(1587, 1, "KINE", "114 "),
(1588, 1, "KINE", "115 "),
(1589, 1, "KINE", "116 "),
(1590, 1, "KINE", "117 "),
(1591, 1, "KINE", "119 "),
(1592, 1, "KINE", "120 "),
(1593, 1, "KINE", "124 "),
(1594, 1, "KINE", "126 "),
(1595, 1, "KINE", "128 "),
(1596, 1, "KINE", "130 "),
(1597, 1, "KINE", "133 "),
(1598, 1, "KINE", "136 "),
(1599, 1, "KINE", "138 "),
(1600, 1, "KINE", "140 "),
(1601, 1, "KINE", "142 "),
(1602, 1, "KINE", "144 "),
(1603, 1, "KINE", "155B"),
(1604, 1, "KINE", "160 "),
(1605, 1, "KINE", "162 "),
(1606, 1, "KINE", "164 "),
(1607, 1, "KINE", "170 "),
(1608, 1, "KINE", "172 "),
(1609, 1, "KINE", "202 "),
(1610, 1, "KINE", "203 "),
(1611, 1, "KINE", "206 "),
(1612, 1, "KINE", "211 "),
(1613, 1, "KINE", "212 "),
(1614, 1, "KINE", "215 "),
(1615, 1, "KINE", "216 "),
(1616, 1, "KINE", "220 "),
(1617, 1, "KINE", "255 "),
(1618, 1, "KINE", "256 "),
(1619, 1, "KINE", "265 "),
(1620, 1, "KINE", "280 "),
(1621, 1, "KINE", "290 "),
(1622, 1, "KINE", "292 "),
(1623, 1, "KINE", "293 "),
(1624, 1, "KINE", "300 "),
(1625, 1, "KINE", "307 "),
(1626, 1, "KINE", "312 "),
(1627, 1, "KINE", "313 "),
(1628, 1, "KINE", "314 "),
(1629, 1, "KINE", "326 "),
(1630, 1, "KINE", "333 "),
(1631, 1, "KINE", "402 "),
(1632, 1, "KINE", "405 "),
(1633, 1, "KINE", "406 "),
(1634, 1, "KINE", "407 "),
(1635, 1, "KINE", "408 "),
(1636, 1, "KINE", "409 "),
(1637, 1, "KINE", "410 "),
(1638, 1, "KINE", "414 "),
(1639, 1, "KINE", "415A"),
(1640, 1, "KINE", "415B"),
(1641, 1, "KINE", "415C"),
(1642, 1, "KINE", "415F"),
(1643, 1, "KINE", "416 "),
(1644, 1, "KINE", "418 "),
(1645, 1, "KINE", "420 "),
(1646, 1, "KINE", "425 "),
(1647, 1, "KINE", "433 "),
(1648, 1, "KINE", "433A"),
(1649, 1, "KINE", "433B"),
(1650, 1, "KINE", "433C"),
(1651, 1, "KINE", "435 "),
(1652, 1, "KINE", "435A"),
(1653, 1, "KINE", "435B"),
(1654, 1, "KINE", "435C"),
(1655, 1, "KINE", "440 "),
(1656, 1, "KINE", "457 "),
(1657, 2, "KINE", "511 "),
(1658, 2, "KINE", "512 "),
(1659, 2, "KINE", "515A"),
(1660, 2, "KINE", "515B"),
(1661, 2, "KINE", "515C"),
(1662, 2, "KINE", "515F"),
(1663, 2, "KINE", "518 "),
(1664, 2, "KINE", "520 "),
(1665, 2, "KINE", "532 "),
(1666, 2, "KINE", "533A"),
(1667, 2, "KINE", "533B"),
(1668, 2, "KINE", "533C"),
(1669, 2, "KINE", "535 "),
(1670, 2, "KINE", "535A"),
(1671, 2, "KINE", "535B"),
(1672, 2, "KINE", "535C"),
(1673, 2, "KINE", "536 "),
(1674, 2, "KINE", "539 "),
(1675, 2, "KINE", "542 "),
(1676, 2, "KINE", "546 "),
(1677, 2, "KINE", "549 "),
(1678, 2, "KINE", "551C"),
(1679, 2, "KINE", "585 "),
(1680, 1, "LBAR", "437 "),
(1681, 1, "LBAR", "494C"),
(1682, 2, "LBAR", "551 "),
(1683, 2, "LBAR", "551C"),
(1684, 2, "LBAR", "551F"),
(1685, 2, "LBAR", "585 "),
(1686, 2, "LECC", "705 "),
(1687, 2, "LECC", "706 "),
(1688, 2, "LECC", "707 "),
(1689, 2, "LECC", "708 "),
(1690, 2, "LECC", "709 "),
(1691, 2, "LECC", "710 "),
(1692, 2, "LECC", "715 "),
(1693, 2, "LECC", "722 "),
(1694, 2, "LECC", "723 "),
(1695, 2, "LECD", "799C"),
(1696, 2, "LECD", "799F"),
(1697, 2, "LECF", "700 "),
(1698, 2, "LECF", "701 "),
(1699, 2, "LECF", "702 "),
(1700, 2, "LECF", "703 "),
(1701, 2, "LECF", "704 "),
(1702, 2, "LECI", "776 "),
(1703, 2, "LECI", "777 "),
(1704, 2, "LECL", "705 "),
(1705, 2, "LECL", "707 "),
(1706, 2, "LECL", "711 "),
(1707, 2, "LECL", "712 "),
(1708, 2, "LECL", "713 "),
(1709, 2, "LECL", "714 "),
(1710, 2, "LECL", "720 "),
(1711, 2, "LECL", "721 "),
(1712, 1, "MATH", "099 "),
(1713, 1, "MATH", "100 "),
(1714, 1, "MATH", "100B"),
(1715, 1, "MATH", "100C"),
(1716, 1, "MATH", "101 "),
(1717, 1, "MATH", "102 "),
(1718, 1, "MATH", "112 "),
(1719, 1, "MATH", "113 "),
(1720, 1, "MATH", "125 "),
(1721, 1, "MATH", "130 "),
(1722, 1, "MATH", "203 "),
(1723, 1, "MATH", "204 "),
(1724, 1, "MATH", "212 "),
(1725, 1, "MATH", "220 "),
(1726, 1, "MATH", "222 "),
(1727, 1, "MATH", "223 "),
(1728, 1, "MATH", "240 "),
(1729, 1, "MATH", "241 "),
(1730, 1, "MATH", "242 "),
(1731, 1, "MATH", "243 "),
(1732, 1, "MATH", "244 "),
(1733, 1, "MATH", "245 "),
(1734, 1, "MATH", "307 "),
(1735, 1, "MATH", "308 "),
(1736, 1, "MATH", "311 "),
(1737, 1, "MATH", "313 "),
(1738, 1, "MATH", "318 "),
(1739, 1, "MATH", "401 "),
(1740, 1, "MATH", "405 "),
(1741, 1, "MATH", "407 "),
(1742, 1, "MATH", "408 "),
(1743, 1, "MATH", "414 "),
(1744, 1, "MATH", "415 "),
(1745, 1, "MATH", "416 "),
(1746, 1, "MATH", "435 "),
(1747, 1, "MATH", "445 "),
(1748, 1, "MATH", "450 "),
(1749, 1, "MATH", "460 "),
(1750, 1, "MATH", "470 "),
(1751, 1, "MATH", "482 "),
(1752, 1, "MATH", "483 "),
(1753, 1, "MATH", "490 "),
(1754, 1, "MATH", "491 "),
(1755, 1, "MATH", "491A"),
(1756, 1, "MATH", "491B"),
(1757, 1, "MATH", "491C"),
(1758, 2, "MATH", "505 "),
(1759, 2, "MATH", "507 "),
(1760, 2, "MATH", "510 "),
(1761, 2, "MATH", "515 "),
(1762, 2, "MATH", "517 "),
(1763, 2, "MATH", "535 "),
(1764, 2, "MATH", "551 "),
(1765, 2, "MATH", "551C"),
(1766, 2, "MATH", "551F"),
(1767, 2, "MATH", "555 "),
(1768, 2, "MATH", "574 "),
(1769, 2, "MATH", "575 "),
(1770, 2, "MATH", "583 "),
(1771, 2, "MATH", "584 "),
(1772, 2, "MATH", "585 "),
(1773, 2, "MATH", "586 "),
(1774, 2, "MATH", "587 "),
(1775, 2, "MATH", "588 "),
(1776, 2, "MATH", "599A"),
(1777, 2, "MATH", "599B"),
(1778, 2, "MATH", "599C"),
(1779, 2, "MATH", "599D"),
(1780, 2, "MATH", "655 "),
(1781, 1, "MCS ", "219 "),
(1782, 1, "MCS ", "220 "),
(1783, 1, "MCS ", "229 "),
(1784, 1, "MCS ", "238 "),
(1785, 1, "MCS ", "248 "),
(1786, 1, "MCS ", "258 "),
(1787, 1, "MCS ", "268 "),
(1788, 1, "MCS ", "275 "),
(1789, 1, "MCS ", "298 "),
(1790, 1, "MCS ", "308 "),
(1791, 1, "MCS ", "326 "),
(1792, 1, "MCS ", "338 "),
(1793, 1, "MCS ", "348 "),
(1794, 1, "MCS ", "368 "),
(1795, 1, "MCS ", "388 "),
(1796, 1, "MCS ", "419 "),
(1797, 1, "MCS ", "429 "),
(1798, 1, "MCS ", "439 "),
(1799, 1, "MCS ", "440 "),
(1800, 1, "MCS ", "446 "),
(1801, 1, "MCS ", "466 "),
(1802, 1, "MCS ", "468 "),
(1803, 1, "MCS ", "488 "),
(1804, 1, "MCS ", "498 "),
(1805, 1, "MEEN", "215 "),
(1806, 1, "MEEN", "292 "),
(1807, 1, "MEEN", "321 "),
(1808, 1, "MEEN", "332 "),
(1809, 1, "MEEN", "334 "),
(1810, 1, "MEEN", "350 "),
(1811, 1, "MEEN", "351 "),
(1812, 1, "MEEN", "353 "),
(1813, 1, "MEEN", "361 "),
(1814, 1, "MEEN", "363 "),
(1815, 1, "MEEN", "371 "),
(1816, 1, "MEEN", "382 "),
(1817, 1, "MEEN", "400 "),
(1818, 1, "MEEN", "413 "),
(1819, 1, "MEEN", "431 "),
(1820, 1, "MEEN", "434 "),
(1821, 1, "MEEN", "435 "),
(1822, 1, "MEEN", "436 "),
(1823, 1, "MEEN", "448 "),
(1824, 1, "MEEN", "449 "),
(1825, 1, "MEEN", "462 "),
(1826, 1, "MEEN", "465 "),
(1827, 1, "MEEN", "475 "),
(1828, 1, "MEEN", "478 "),
(1829, 1, "MEEN", "480 "),
(1830, 1, "MEEN", "481 "),
(1831, 1, "MEEN", "482 "),
(1832, 1, "MEEN", "486 "),
(1833, 1, "MEEN", "488 "),
(1834, 1, "MEEN", "497 "),
(1835, 1, "MEEN", "499 "),
(1836, 2, "MEEN", "517 "),
(1837, 2, "MEEN", "551 "),
(1838, 2, "MEEN", "551C"),
(1839, 2, "MEEN", "551F"),
(1840, 1, "MEMT", "201 "),
(1841, 1, "MEMT", "203 "),
(1842, 1, "MEMT", "206 "),
(1843, 1, "MEMT", "211 "),
(1844, 1, "MEMT", "212 "),
(1845, 1, "MEMT", "312 "),
(1846, 1, "MEMT", "313 "),
(1847, 1, "MEMT", "411 "),
(1848, 1, "MEMT", "417 "),
(1849, 2, "MEMT", "517 "),
(1850, 2, "MEMT", "577 "),
(1851, 1, "MGMT", "305 "),
(1852, 1, "MGMT", "333 "),
(1853, 1, "MGMT", "360 "),
(1854, 1, "MGMT", "400 "),
(1855, 1, "MGMT", "415 "),
(1856, 1, "MGMT", "440 "),
(1857, 1, "MGMT", "447 "),
(1858, 1, "MGMT", "460 "),
(1859, 1, "MGMT", "468 "),
(1860, 1, "MGMT", "470 "),
(1861, 1, "MGMT", "472 "),
(1862, 1, "MGMT", "474 "),
(1863, 1, "MGMT", "476 "),
(1864, 1, "MGMT", "478 "),
(1865, 1, "MGMT", "485 "),
(1866, 1, "MGMT", "494 "),
(1867, 2, "MGMT", "500 "),
(1868, 2, "MGMT", "510 "),
(1869, 2, "MGMT", "540 "),
(1870, 2, "MGMT", "550 "),
(1871, 2, "MGMT", "550A"),
(1872, 2, "MGMT", "550B"),
(1873, 2, "MGMT", "550C"),
(1874, 2, "MGMT", "595 "),
(1875, 2, "MGMT", "603 "),
(1876, 2, "MGMT", "604A"),
(1877, 2, "MGMT", "604B"),
(1878, 2, "MGMT", "604C"),
(1879, 2, "MGMT", "620 "),
(1880, 2, "MGMT", "637 "),
(1881, 2, "MGMT", "639 "),
(1882, 2, "MGMT", "650 "),
(1883, 2, "MGMT", "650A"),
(1884, 2, "MGMT", "650B"),
(1885, 2, "MGMT", "650C"),
(1886, 2, "MGMT", "671 "),
(1887, 1, "MKTG", "300 "),
(1888, 1, "MKTG", "307 "),
(1889, 1, "MKTG", "320 "),
(1890, 1, "MKTG", "390 "),
(1891, 1, "MKTG", "401 "),
(1892, 1, "MKTG", "402 "),
(1893, 1, "MKTG", "403 "),
(1894, 1, "MKTG", "420 "),
(1895, 1, "MKTG", "425 "),
(1896, 1, "MKTG", "435 "),
(1897, 1, "MKTG", "473 "),
(1898, 1, "MKTG", "482 "),
(1899, 1, "MKTG", "485 "),
(1900, 1, "MKTG", "494 "),
(1901, 2, "MKTG", "500 "),
(1902, 2, "MKTG", "530 "),
(1903, 2, "MKTG", "550 "),
(1904, 2, "MKTG", "550A"),
(1905, 2, "MKTG", "550B"),
(1906, 2, "MKTG", "550C"),
(1907, 2, "MKTG", "602 "),
(1908, 2, "MKTG", "603 "),
(1909, 2, "MKTG", "604C"),
(1910, 2, "MKTG", "620 "),
(1911, 2, "MKTG", "640 "),
(1912, 2, "MKTG", "650 "),
(1913, 2, "MKTG", "650A"),
(1914, 2, "MKTG", "650B"),
(1915, 2, "MKTG", "650C"),
(1916, 1, "MSE ", "401 "),
(1917, 1, "MSE ", "402 "),
(1918, 1, "MSE ", "404 "),
(1919, 1, "MSE ", "406 "),
(1920, 1, "MSE ", "407 "),
(1921, 2, "MSE ", "501 "),
(1922, 2, "MSE ", "502 "),
(1923, 2, "MSE ", "503 "),
(1924, 2, "MSE ", "504 "),
(1925, 2, "MSE ", "507 "),
(1926, 2, "MSE ", "510 "),
(1927, 2, "MSE ", "609 "),
(1928, 2, "MSE ", "610 "),
(1929, 2, "MSNT", "610 "),
(1930, 2, "MSNT", "650A"),
(1931, 2, "MSNT", "650B"),
(1932, 2, "MSNT", "650C"),
(1933, 2, "MSNT", "651A"),
(1934, 2, "MSNT", "651C"),
(1935, 2, "MSNT", "651F"),
(1936, 2, "MSNT", "651I"),
(1937, 2, "MSNT", "657 "),
(1938, 2, "MSNT", "685 "),
(1939, 2, "MSNT", "686 "),
(1940, 1, "MUAP", "113 "),
(1941, 1, "MUAP", "398 "),
(1942, 1, "MUAP", "399 "),
(1943, 1, "MUAP", "499 "),
(1944, 1, "MUEN", "200 "),
(1945, 1, "MUEN", "400 "),
(1946, 1, "MUEN", "434 "),
(1947, 1, "MUEN", "476 "),
(1948, 1, "MUGN", "112 "),
(1949, 1, "MUHS", "301 "),
(1950, 1, "MUHS", "302 "),
(1951, 1, "MUHS", "303 "),
(1952, 1, "MUHS", "306 "),
(1953, 1, "MUHS", "307 "),
(1954, 1, "MUHS", "434 "),
(1955, 1, "MUPD", "300 "),
(1956, 1, "MUPD", "301 "),
(1957, 1, "MUPD", "303 "),
(1958, 1, "MUPD", "410 "),
(1959, 1, "MUPD", "411 "),
(1960, 1, "MUPD", "456 "),
(1961, 1, "MUPD", "464 "),
(1962, 1, "MUPD", "465 "),
(1963, 1, "MUPD", "466 "),
(1964, 1, "MUPV", "211A"),
(1965, 1, "MUPV", "211B"),
(1966, 1, "MUPV", "231B"),
(1967, 1, "MUPV", "291 "),
(1968, 1, "MUPV", "491 "),
(1969, 1, "MUPV", "493 "),
(1970, 1, "MUPV", "494 "),
(1971, 1, "MUTC", "302 "),
(1972, 1, "MUTC", "303 "),
(1973, 1, "MUTH", "103 "),
(1974, 1, "MUTH", "201 "),
(1975, 1, "MUTH", "301 "),
(1976, 1, "MUTH", "302 "),
(1977, 1, "MUTH", "303 "),
(1978, 1, "MUTH", "304 "),
(1979, 1, "MUTH", "330 "),
(1980, 1, "MUTH", "401 "),
(1981, 1, "MUTH", "402 "),
(1982, 1, "MUTH", "403 "),
(1983, 1, "MUTH", "404 "),
(1984, 1, "NSE ", "201 "),
(1985, 1, "NSE ", "301 "),
(1986, 1, "NSE ", "302 "),
(1987, 1, "NSE ", "303 "),
(1988, 1, "NSE ", "401 "),
(1989, 1, "NSE ", "402 "),
(1990, 1, "NSE ", "403 "),
(1991, 1, "NSE ", "406 "),
(1992, 1, "NSE ", "407 "),
(1993, 1, "NSE ", "408 "),
(1994, 1, "NSE ", "410 "),
(1995, 1, "NSE ", "450 "),
(1996, 1, "NSE ", "450A"),
(1997, 1, "NSE ", "450B"),
(1998, 1, "NSE ", "450C"),
(1999, 1, "NSE ", "450D"),
(2000, 1, "NSE ", "490 "),
(2001, 1, "NURS", "100 "),
(2002, 1, "NURS", "109 "),
(2003, 1, "NURS", "110 "),
(2004, 1, "NURS", "112 "),
(2005, 1, "NURS", "113 "),
(2006, 1, "NURS", "114 "),
(2007, 1, "NURS", "116 "),
(2008, 1, "NURS", "212 "),
(2009, 1, "NURS", "214 "),
(2010, 1, "NURS", "216 "),
(2011, 1, "ORGL", "300 "),
(2012, 1, "ORGL", "311 "),
(2013, 1, "ORGL", "312 "),
(2014, 1, "ORGL", "314 "),
(2015, 1, "ORGL", "317 "),
(2016, 1, "ORGL", "321 "),
(2017, 1, "ORGL", "324 "),
(2018, 1, "ORGL", "327 "),
(2019, 1, "ORGL", "334 "),
(2020, 1, "ORGL", "335 "),
(2021, 1, "ORGL", "337 "),
(2022, 1, "PHIL", "205 "),
(2023, 1, "PHYS", "103 "),
(2024, 1, "PHYS", "201 "),
(2025, 1, "PHYS", "202 "),
(2026, 1, "PHYS", "209 "),
(2027, 1, "PHYS", "210 "),
(2028, 1, "PHYS", "261 "),
(2029, 1, "PHYS", "262 "),
(2030, 1, "PHYS", "304 "),
(2031, 1, "PHYS", "307 "),
(2032, 1, "PHYS", "406 "),
(2033, 1, "PHYS", "407 "),
(2034, 1, "PHYS", "408 "),
(2035, 1, "PHYS", "409 "),
(2036, 1, "PHYS", "410 "),
(2037, 1, "PHYS", "412 "),
(2038, 1, "PHYS", "416 "),
(2039, 1, "PHYS", "417 "),
(2040, 1, "PHYS", "418 "),
(2041, 1, "PHYS", "419 "),
(2042, 1, "PHYS", "422 "),
(2043, 1, "PHYS", "423 "),
(2044, 1, "PHYS", "424 "),
(2045, 1, "PHYS", "425 "),
(2046, 1, "PHYS", "470A"),
(2047, 1, "PHYS", "470B"),
(2048, 1, "PHYS", "470C"),
(2049, 2, "PHYS", "515 "),
(2050, 2, "PHYS", "542 "),
(2051, 2, "PHYS", "551 "),
(2052, 2, "PHYS", "551A"),
(2053, 2, "PHYS", "551C"),
(2054, 2, "PHYS", "551F"),
(2055, 2, "PHYS", "657 "),
(2056, 1, "PLSC", "225A"),
(2057, 1, "PLSC", "225B"),
(2058, 1, "PLSC", "225C"),
(2059, 1, "PLSC", "284 "),
(2060, 1, "PLSC", "301 "),
(2061, 1, "PLSC", "310 "),
(2062, 1, "PLSC", "311 "),
(2063, 1, "PLSC", "422 "),
(2064, 1, "PLSC", "423 "),
(2065, 1, "PLSC", "441 "),
(2066, 1, "PLSC", "450 "),
(2067, 1, "POLS", "220 "),
(2068, 1, "POLS", "230 "),
(2069, 1, "POLS", "303 "),
(2070, 1, "POLS", "310 "),
(2071, 1, "POLS", "322 "),
(2072, 1, "POLS", "340 "),
(2073, 1, "POLS", "350 "),
(2074, 1, "POLS", "355 "),
(2075, 1, "POLS", "426 "),
(2076, 1, "POLS", "496I"),
(2077, 1, "PRAV", "101 "),
(2078, 1, "PRAV", "102 "),
(2079, 1, "PRAV", "110 "),
(2080, 1, "PRAV", "111 "),
(2081, 1, "PRAV", "239 "),
(2082, 1, "PRAV", "240 "),
(2083, 1, "PRAV", "241 "),
(2084, 1, "PRAV", "242 "),
(2085, 1, "PRAV", "243 "),
(2086, 1, "PRAV", "322 "),
(2087, 1, "PRAV", "340 "),
(2088, 1, "PRAV", "341 "),
(2089, 1, "PRAV", "342 "),
(2090, 1, "PRAV", "343 "),
(2091, 1, "PRAV", "344 "),
(2092, 1, "PRAV", "345 "),
(2093, 1, "PRAV", "400 "),
(2094, 1, "PRAV", "407 "),
(2095, 1, "PRAV", "410 "),
(2096, 1, "PRAV", "411 "),
(2097, 1, "PRAV", "414 "),
(2098, 1, "PRAV", "415 "),
(2099, 1, "PRAV", "419 "),
(2100, 1, "PRAV", "440 "),
(2101, 1, "PRAV", "480 "),
(2102, 1, "PRAV", "490 "),
(2103, 1, "PRAV", "495 "),
(2104, 1, "PRAV", "496 "),
(2105, 1, "PRAV", "498 "),
(2106, 1, "PSYC", "202 "),
(2107, 1, "PSYC", "208 "),
(2108, 1, "PSYC", "218 "),
(2109, 1, "PSYC", "302 "),
(2110, 1, "PSYC", "304 "),
(2111, 1, "PSYC", "305 "),
(2112, 1, "PSYC", "308 "),
(2113, 1, "PSYC", "310 "),
(2114, 1, "PSYC", "315 "),
(2115, 1, "PSYC", "321 "),
(2116, 1, "PSYC", "400 "),
(2117, 1, "PSYC", "414 "),
(2118, 1, "PSYC", "415 "),
(2119, 1, "PSYC", "418 "),
(2120, 1, "PSYC", "455 "),
(2121, 1, "PSYC", "460 "),
(2122, 1, "PSYC", "460C"),
(2123, 1, "PSYC", "461 "),
(2124, 1, "PSYC", "466 "),
(2125, 1, "PSYC", "490 "),
(2126, 1, "PSYC", "495A"),
(2127, 1, "PSYC", "495B"),
(2128, 1, "PSYC", "495C"),
(2129, 1, "PSYC", "495D"),
(2130, 2, "PSYC", "511 "),
(2131, 2, "PSYC", "516 "),
(2132, 2, "PSYC", "521 "),
(2133, 2, "PSYC", "541 "),
(2134, 2, "PSYC", "542 "),
(2135, 2, "PSYC", "556 "),
(2136, 2, "PSYC", "585 "),
(2137, 2, "PSYC", "613 "),
(2138, 2, "PSYC", "614 "),
(2139, 2, "PSYC", "615 "),
(2140, 2, "PSYC", "621 "),
(2141, 2, "PSYC", "626 "),
(2142, 2, "PSYC", "660 "),
(2143, 2, "PSYC", "700 "),
(2144, 2, "PSYC", "710 "),
(2145, 2, "PSYC", "713 "),
(2146, 2, "PSYC", "714 "),
(2147, 2, "PSYC", "716 "),
(2148, 2, "PSYC", "720 "),
(2149, 2, "PSYC", "730 "),
(2150, 2, "PSYC", "740 "),
(2151, 2, "PSYC", "743 "),
(2152, 2, "PSYC", "745 "),
(2153, 2, "PSYC", "750 "),
(2154, 2, "PSYC", "760 "),
(2155, 2, "PSYC", "785 "),
(2156, 1, "QA  ", "233 "),
(2157, 1, "QA  ", "494 "),
(2158, 2, "QA  ", "550 "),
(2159, 2, "QA  ", "550A"),
(2160, 2, "QA  ", "550B"),
(2161, 2, "QA  ", "550C"),
(2162, 2, "QA  ", "603 "),
(2163, 2, "QA  ", "604A"),
(2164, 2, "QA  ", "604B"),
(2165, 2, "QA  ", "604C"),
(2166, 2, "QA  ", "610 "),
(2167, 2, "QA  ", "611 "),
(2168, 2, "QA  ", "612 "),
(2169, 2, "QA  ", "625 "),
(2170, 2, "QA  ", "630 "),
(2171, 2, "QA  ", "635 "),
(2172, 2, "QA  ", "650 "),
(2173, 2, "QA  ", "650A"),
(2174, 2, "QA  ", "650B"),
(2175, 2, "QA  ", "650C"),
(2176, 1, "RDEV", "410 "),
(2177, 1, "RDEV", "415 "),
(2178, 1, "RDEV", "440 "),
(2179, 2, "RDEV", "510 "),
(2180, 2, "RDEV", "540 "),
(2181, 2, "RDEV", "545 "),
(2182, 2, "RDEV", "550 "),
(2183, 2, "READ", "523 "),
(2184, 2, "READ", "524 "),
(2185, 1, "SOC ", "280 "),
(2186, 1, "SOC ", "306 "),
(2187, 1, "SOC ", "313 "),
(2188, 1, "SOC ", "325 "),
(2189, 1, "SOC ", "360 "),
(2190, 1, "SOC ", "370 "),
(2191, 1, "SOC ", "390 "),
(2192, 1, "SOC ", "401 "),
(2193, 1, "SOC ", "424 "),
(2194, 1, "SOC ", "440 "),
(2195, 1, "SOC ", "444 "),
(2196, 1, "SOC ", "480 "),
(2197, 1, "SOC ", "489 "),
(2198, 1, "SOC ", "490 "),
(2199, 1, "SOSC", "241 "),
(2200, 1, "SOSC", "242 "),
(2201, 1, "SOSC", "470 "),
(2202, 1, "SPAN", "102 "),
(2203, 1, "SPAN", "202 "),
(2204, 1, "SPAN", "301 "),
(2205, 1, "SPAN", "302 "),
(2206, 1, "SPAN", "380 "),
(2207, 1, "SPAN", "381 "),
(2208, 1, "SPAN", "403 "),
(2209, 1, "SPAN", "408 "),
(2210, 1, "SPCH", "302 "),
(2211, 1, "SPCH", "304 "),
(2212, 1, "SPCH", "305 "),
(2213, 1, "SPCH", "311 "),
(2214, 1, "SPCH", "313 "),
(2215, 1, "SPCH", "390 "),
(2216, 1, "SPCH", "395 "),
(2217, 1, "SPCH", "411 "),
(2218, 1, "SPCH", "413 "),
(2219, 1, "SPCH", "421 "),
(2220, 1, "SPCH", "422 "),
(2221, 1, "SPCH", "426 "),
(2222, 1, "SPCH", "429 "),
(2223, 1, "SPCH", "439 "),
(2224, 1, "SPCH", "447 "),
(2225, 1, "SPCH", "475 "),
(2226, 2, "SPCH", "501 "),
(2227, 2, "SPCH", "502 "),
(2228, 2, "SPCH", "503 "),
(2229, 2, "SPCH", "506 "),
(2230, 2, "SPCH", "509 "),
(2231, 2, "SPCH", "511 "),
(2232, 2, "SPCH", "516 "),
(2233, 2, "SPCH", "517 "),
(2234, 2, "SPCH", "518 "),
(2235, 2, "SPCH", "519 "),
(2236, 2, "SPCH", "523 "),
(2237, 2, "SPCH", "527 "),
(2238, 2, "SPCH", "531 "),
(2239, 2, "SPCH", "532 "),
(2240, 2, "SPCH", "536 "),
(2241, 2, "SPCH", "541 "),
(2242, 2, "SPCH", "542 "),
(2243, 2, "SPCH", "543 "),
(2244, 2, "SPCH", "548 "),
(2245, 2, "SPCH", "549 "),
(2246, 2, "SPCH", "549A"),
(2247, 2, "SPCH", "549B"),
(2248, 2, "SPCH", "549C"),
(2249, 2, "SPCH", "550 "),
(2250, 2, "SPCH", "552 "),
(2251, 2, "SPCH", "552A"),
(2252, 2, "SPCH", "552B"),
(2253, 2, "SPCH", "552C"),
(2254, 2, "SPCH", "553 "),
(2255, 2, "SPCH", "554 "),
(2256, 2, "SPCH", "555A"),
(2257, 2, "SPCH", "555B"),
(2258, 2, "SPCH", "555C"),
(2259, 2, "SPCH", "555D"),
(2260, 2, "SPCH", "556 "),
(2261, 2, "SPCH", "557 "),
(2262, 2, "SPCH", "557A"),
(2263, 2, "SPCH", "557B"),
(2264, 2, "SPCH", "557C"),
(2265, 2, "SPCH", "557D"),
(2266, 2, "SPCH", "558 "),
(2267, 2, "SPCH", "559 "),
(2268, 2, "SPCH", "559A"),
(2269, 2, "SPCH", "559B"),
(2270, 2, "SPCH", "559C"),
(2271, 2, "SPCH", "560 "),
(2272, 2, "SPCH", "560A"),
(2273, 2, "SPCH", "560B"),
(2274, 2, "SPCH", "560C"),
(2275, 2, "SPCH", "561 "),
(2276, 2, "SPCH", "562 "),
(2277, 2, "SPCH", "565 "),
(2278, 2, "SPCH", "570 "),
(2279, 2, "SPCH", "585 "),
(2280, 2, "SPCH", "589 "),
(2281, 2, "SPCH", "589A"),
(2282, 2, "SPCH", "589B"),
(2283, 2, "SPCH", "589C"),
(2284, 2, "SPCH", "600 "),
(2285, 2, "SPCH", "601 "),
(2286, 2, "SPCH", "602 "),
(2287, 2, "SPCH", "609 "),
(2288, 2, "SPCH", "610 "),
(2289, 2, "SPCH", "612 "),
(2290, 2, "SPCH", "616 "),
(2291, 2, "SPCH", "617 "),
(2292, 2, "SPCH", "618 "),
(2293, 2, "SPCH", "631 "),
(2294, 2, "SPCH", "632 "),
(2295, 2, "SPCH", "636 "),
(2296, 2, "SPCH", "640 "),
(2297, 2, "SPCH", "640A"),
(2298, 2, "SPCH", "640B"),
(2299, 2, "SPCH", "640C"),
(2300, 2, "SPCH", "641 "),
(2301, 2, "SPCH", "642 "),
(2302, 2, "SPCH", "643 "),
(2303, 2, "SPCH", "644 "),
(2304, 2, "SPCH", "645 "),
(2305, 2, "SPCH", "645A"),
(2306, 2, "SPCH", "645B"),
(2307, 2, "SPCH", "645C"),
(2308, 2, "SPCH", "648 "),
(2309, 2, "SPCH", "649 "),
(2310, 2, "SPCH", "649A"),
(2311, 2, "SPCH", "649B"),
(2312, 2, "SPCH", "649C"),
(2313, 2, "SPCH", "650 "),
(2314, 2, "SPCH", "651 "),
(2315, 2, "SPCH", "652 "),
(2316, 2, "SPCH", "652A"),
(2317, 2, "SPCH", "652B"),
(2318, 2, "SPCH", "652C"),
(2319, 2, "SPCH", "653 "),
(2320, 2, "SPCH", "654 "),
(2321, 2, "SPCH", "655 "),
(2322, 2, "SPCH", "656 "),
(2323, 2, "SPCH", "657 "),
(2324, 2, "SPCH", "657A"),
(2325, 2, "SPCH", "657B"),
(2326, 2, "SPCH", "657C"),
(2327, 2, "SPCH", "657D"),
(2328, 2, "SPCH", "658 "),
(2329, 2, "SPCH", "659 "),
(2330, 2, "SPCH", "659A"),
(2331, 2, "SPCH", "659B"),
(2332, 2, "SPCH", "659C"),
(2333, 2, "SPCH", "660 "),
(2334, 2, "SPCH", "660A"),
(2335, 2, "SPCH", "660B"),
(2336, 2, "SPCH", "660C"),
(2337, 2, "SPCH", "661 "),
(2338, 2, "SPCH", "661C"),
(2339, 2, "SPCH", "661F"),
(2340, 2, "SPCH", "661I"),
(2341, 2, "SPCH", "665 "),
(2342, 2, "SPCH", "685 "),
(2343, 2, "SPCH", "686 "),
(2344, 2, "SPCH", "689 "),
(2345, 2, "SPCH", "689A"),
(2346, 2, "SPCH", "689B"),
(2347, 2, "SPCH", "689C"),
(2348, 1, "SPTH", "212 "),
(2349, 1, "SPTH", "301 "),
(2350, 1, "SPTH", "308 "),
(2351, 1, "SPTH", "310 "),
(2352, 1, "SPTH", "311 "),
(2353, 1, "SPTH", "312 "),
(2354, 1, "SPTH", "314 "),
(2355, 1, "SPTH", "330 "),
(2356, 1, "SPTH", "380 "),
(2357, 1, "SPTH", "401 "),
(2358, 1, "SPTH", "403 "),
(2359, 1, "SPTH", "405 "),
(2360, 1, "SPTH", "408 "),
(2361, 1, "SPTH", "410 "),
(2362, 1, "SPTH", "414 "),
(2363, 1, "SPTH", "420 "),
(2364, 1, "SPTH", "434 "),
(2365, 1, "SPTH", "436 "),
(2366, 1, "SPTH", "440 "),
(2367, 1, "SPTH", "450 "),
(2368, 1, "SPTH", "451 "),
(2369, 1, "SPTH", "452 "),
(2370, 1, "SPTH", "453 "),
(2371, 1, "SPTH", "454 "),
(2372, 1, "SPTH", "455 "),
(2373, 1, "SPTH", "460 "),
(2374, 2, "SPTH", "501 "),
(2375, 2, "SPTH", "502 "),
(2376, 2, "SPTH", "509 "),
(2377, 2, "SPTH", "520 "),
(2378, 2, "SPTH", "521 "),
(2379, 2, "SPTH", "531 "),
(2380, 2, "SPTH", "533 "),
(2381, 2, "SPTH", "540 "),
(2382, 2, "SPTH", "541 "),
(2383, 2, "SPTH", "550 "),
(2384, 2, "SPTH", "551 "),
(2385, 1, "STAT", "200 "),
(2386, 1, "STAT", "402 "),
(2387, 1, "STAT", "405 "),
(2388, 2, "STAT", "505 "),
(2389, 2, "STAT", "506 "),
(2390, 2, "STAT", "507 "),
(2391, 2, "STAT", "510 "),
(2392, 2, "STAT", "511 "),
(2393, 2, "STAT", "520 "),
(2394, 2, "STAT", "521 "),
(2395, 2, "STAT", "550 "),
(2396, 2, "STAT", "606 "),
(2397, 2, "STAT", "620 "),
(2398, 2, "STAT", "621 "),
(2399, 2, "STAT", "625 "),
(2400, 2, "STAT", "630 "),
(2401, 2, "STAT", "650 "),
(2402, 2, "STAT", "651 "),
(2403, 2, "STAT", "652 "),
(2404, 1, "THTR", "100 "),
(2405, 1, "THTR", "101 "),
(2406, 1, "THTR", "210 "),
(2407, 1, "THTR", "211 "),
(2408, 1, "THTR", "212 "),
(2409, 1, "THTR", "220 "),
(2410, 1, "THTR", "260 "),
(2411, 1, "THTR", "290 "),
(2412, 1, "THTR", "301 "),
(2413, 1, "THTR", "305 "),
(2414, 1, "THTR", "308 "),
(2415, 1, "THTR", "309 "),
(2416, 1, "THTR", "310 "),
(2417, 1, "THTR", "311 "),
(2418, 1, "THTR", "312 "),
(2419, 1, "THTR", "314 "),
(2420, 1, "THTR", "330 "),
(2421, 1, "THTR", "371 "),
(2422, 1, "THTR", "380 "),
(2423, 1, "THTR", "401 "),
(2424, 1, "THTR", "403 "),
(2425, 1, "THTR", "410 "),
(2426, 1, "THTR", "415 "),
(2427, 1, "THTR", "420 "),
(2428, 1, "THTR", "434 "),
(2429, 1, "THTR", "435 "),
(2430, 1, "THTR", "436 "),
(2431, 1, "THTR", "440 "),
(2432, 1, "THTR", "450 "),
(2433, 1, "THTR", "451 "),
(2434, 1, "THTR", "452 "),
(2435, 1, "THTR", "453 "),
(2436, 1, "THTR", "454 "),
(2437, 1, "THTR", "455 "),
(2438, 1, "THTR", "460 "),
(2439, 1, "THTR", "472 "),
(2440, 1, "THTR", "490 "),
(2441, 1, "THTR", "491 "),
(2442, 1, "UNIV", "093 "),
(2443, 1, "UNIV", "289A"),
(2444, 1, "WILD", "111 "),
(2445, 1, "WILD", "115 "),
(2446, 1, "WILD", "116 "),
(2447, 1, "WILD", "230 "),
(2448, 1, "WILD", "231 "),
(2449, 1, "WILD", "232 "),
(2450, 1, "WILD", "233 "),
(2451, 1, "WILD", "314 "),
(2452, 1, "WILD", "347 "),
(2453, 1, "WILD", "428 "),
(2454, 1, "WILD", "445 "),
(2455, 1, "WILD", "456 "),
(2456, 1, "WILD", "480 ");

INSERT INTO `CourseRequisites` (`CourseID`, `CourseRequisiteTypeID`, `RequisiteCourseID`) VALUES
(613, 1, 1716),
(614, 1, 613),
(614, 1, 1728),
(615, 1, 614),
(616, 1, 615),
(620, 1, 613),
(620, 2, 621),
(621, 2, 620),
(622, 1, 616),
(622, 1, 1736),
(623, 1, 616),
(623, 2, 1736),
(624, 1, 623),
(625, 1, 617),
(626, 1, 620),
(626, 1, 621),
(627, 1, 623),
(627, 4, 627),
(628, 1, 627),
(977, 1, 976),
(981, 1, 977),
(982, 1, 977),
(983, 1, 977),
(984, 1, 977),
(990, 1, 984),
(1728, 1, 1716),
(1729, 1, 1728),
(1730, 1, 1729),
(1736, 1, 1716),
(2024, 1, 1729),
(2025, 1, 2024),
(2025, 1, 1730),
(2028, 1, 1729),
(2029, 1, 2028),
(2387, 1, 1730);

INSERT INTO `Curriculums` (`CurriculumID`, `Name`, `CurriculumTypeID`, `DateCreated`) VALUES
(1, 'CSC Curriculum', 1, '2015-05-07 22:30:20');

INSERT INTO `CurriculumCourseSlots` (`CurriculumCourseSlotID`, `CurriculumID`, `CurriculumIndex`, `Name`, `MinimumGrade`, `RecommendedQuarter`, `RecommendedYear`, `Notes`) VALUES
(1, 1, 2, 'CSC 100', 'C', 'Fall', 'Freshman', ' '),
(2, 1, 3, 'CSC 120', 'C', 'Winter', 'Freshman', ' '),
(3, 1, 4, 'CSC 122', 'C', 'Spring', 'Freshman', ' '),
(4, 1, 5, 'CSC 220', 'C', 'Fall', 'Sophomore', ' '),
(5, 1, 6, 'CSC 222', 'C', 'Winter', 'Sophomore', ' '),
(6, 1, 7, 'CSC 265', 'C', 'Fall', 'Sophomore', ' '),
(7, 1, 8, 'CSC 269', 'C', 'Fall', 'Sophomore', ' '),
(8, 1, 9, 'CSC 310', 'C', 'Spring', 'Junior', ' '),
(11, 1, 10, 'CSC 325', 'C', 'Fall', 'Junior', ' '),
(12, 1, 11, 'CSC 330', 'C', 'Winter', 'Junior', ' '),
(13, 1, 12, 'CSC 345', 'C', 'Spring', 'Sophomore', ' '),
(14, 1, 13, 'CSC 364', 'C', 'Fall', 'Freshman', ' '),
(15, 1, 14, 'CSC 403', 'C', 'Winter', 'Senior', ' '),
(16, 1, 15, 'CSC 404', 'C', 'Spring', 'Senior', ' '),
(17, 1, 16, 'ENGL 101', 'C', 'Fall', 'Freshman', ' '),
(18, 1, 17, 'ENGL 102', 'C', 'Winter', 'Freshman', ' '),
(19, 1, 18, 'ENGL 21X', 'C', 'Fall', 'Junior', ' '),
(20, 1, 19, 'ENGL 303', 'C', 'Winter', 'Junior', ' '),
(21, 1, 20, 'ENGL 363', 'C', 'Fall', 'Senior', ' '),
(22, 1, 21, 'MATH 240', 'C', 'Fall', 'Freshman', ' '),
(23, 1, 22, 'MATH 241', 'C', 'Winter', 'Freshman', ' '),
(24, 1, 23, 'MATH 242', 'C', 'Spring', 'Freshman', ' '),
(25, 1, 24, 'PHYS 201', 'C', 'Fall', 'Sophomore', ' '),
(26, 1, 25, 'PHYS 261', 'C', 'Fall', 'Sophomore', ' '),
(27, 1, 26, 'PHYS 202', 'C', 'Winter', 'Sophomore', ' '),
(28, 1, 27, 'PHYS 262', 'C', 'Winter', 'Sophomore', ' '),
(29, 1, 28, 'ART ', 'C', 'Spring', 'Sophomore', ' '),
(30, 1, 29, 'HIST', 'C', 'Winter', 'Freshman', ' '),
(31, 1, 30, 'BISC 130', 'C', 'Spring', 'Freshman', ' '),
(32, 1, 31, 'BISC 131', 'C', 'Spring', 'Freshman', ' '),
(33, 1, 32, 'ECON', 'C', 'Winter', 'Junior', ' '),
(34, 1, 33, 'MATH 311', 'C', 'Spring', 'Sophomore', ' '),
(35, 1, 34, 'STAT 405', 'C', 'Winter', 'Senior', ' ');

INSERT INTO `CurriculumSlotValidCourses` (`CurriculumCourseSlotID`, `CourseID`) VALUES
(31, 355),
(32, 356),
(1, 613),
(2, 614),
(3, 615),
(4, 616),
(5, 617),
(6, 620),
(7, 621),
(8, 622),
(11, 623),
(12, 624),
(13, 625),
(14, 626),
(15, 627),
(16, 628),
(33, 719),
(17, 976),
(18, 977),
(19, 981),
(19, 982),
(19, 983),
(20, 984),
(21, 990),
(19, 1480),
(19, 1481),
(19, 1482),
(19, 1483),
(29, 1491),
(20, 1493),
(21, 1494),
(29, 1620),
(22, 1728),
(23, 1729),
(24, 1730),
(34, 1736),
(25, 2024),
(27, 2025),
(26, 2028),
(28, 2029),
(35, 2387);

INSERT INTO `CurriculumCourseSlotRequisites` (`CurriculumCourseSlotID`, `RequisiteCurriculumCourseSlotID`, `CourseRequisiteTypeID`) VALUES
(2, 1, 1),
(3, 2, 1),
(4, 3, 1),
(5, 3, 1),
(6, 1, 1),
(7, 1, 1),
(8, 4, 1),
(8, 34, 1),
(11, 4, 1),
(11, 34, 1),
(12, 11, 1),
(13, 5, 1),
(14, 6, 1),
(14, 7, 1),
(15, 11, 1),
(16, 15, 1),
(18, 17, 1),
(19, 18, 1),
(20, 19, 1),
(21, 19, 1),
(23, 22, 1),
(24, 23, 1),
(25, 23, 1),
(27, 24, 1),
(27, 25, 1),
(34, 24, 1),
(35, 24, 1),
(7, 6, 2),
(26, 25, 2),
(28, 27, 2);

/*!40101 SET CHARACTER_SET_CLIENT=@OLD_CHARACTER_SET_CLIENT */;
/*!40101 SET CHARACTER_SET_RESULTS=@OLD_CHARACTER_SET_RESULTS */;
/*!40101 SET COLLATION_CONNECTION=@OLD_COLLATION_CONNECTION */;
